配对编号,搜索种子,组别,轮次,累计评测次数,当前最优超额率,累计生成词元,累计搜索阶段秒,外层词元,总模型词元
S1,1836735484,A,1,25,0.03863567763356475,41354,212.96261,不可得,不可得
S1,1836735484,A,2,50,0.009155850689204145,136133,390.749599,不可得,不可得
S1,1836735484,A,3,75,0.009155850689204145,234332,627.582941,不可得,不可得
S1,1836735484,A,4,100,0.006841734580943756,328856,899.179226,不可得,不可得
S1,1836735484,B,1,25,0.03984304255961364,35408,154.226085,不可得,不可得
S1,1836735484,B,2,50,0.03984304255961364,124507,309.944585,不可得,不可得
S1,1836735484,B,3,75,0.03853506388972734,213953,475.126366,不可得,不可得
S1,1836735484,B,4,100,0.03702585773216622,323983,633.343609,不可得,不可得
S1,1836735484,C,1,25,0.020827044974343494,39567,199.505011,不可得,不可得
S1,1836735484,C,2,50,0.016400040245497537,138089,374.205501,不可得,不可得
S1,1836735484,C,3,75,0.010463829359090453,241004,546.405734,不可得,不可得
S1,1836735484,C,4,100,0.009558305664553778,342644,718.491969,不可得,不可得
S2,1706957291,A,1,25,0.03793138142670289,38843,172.943037,不可得,不可得
S2,1706957291,A,2,50,0.026763255860750578,129729,350.621163,不可得,不可得
S2,1706957291,A,3,75,0.016802495220847168,220217,516.560491,不可得,不可得
S2,1706957291,A,4,100,0.013683469161887512,325418,673.311208,不可得,不可得
S2,1706957291,B,1,25,0.036422175269141766,38085,166.507049,不可得,不可得
S2,1706957291,B,2,50,0.026058959653888724,118528,273.027292,不可得,不可得
S2,1706957291,B,3,75,0.026058959653888724,200117,383.492621,不可得,不可得
S2,1706957291,B,4,100,0.026058959653888724,276935,486.30463,不可得,不可得
S2,1706957291,C,1,25,0.008854009457691922,38556,174.556231,不可得,不可得
S2,1706957291,C,2,50,0.007646644531643022,134223,323.761193,不可得,不可得
S2,1706957291,C,3,75,0.007344803300130797,250425,485.148715,不可得,不可得
S2,1706957291,C,4,100,0.006238052117919308,372663,642.269036,不可得,不可得
S3,3122620597,A,1,25,0.03954120132810142,35269,150.019243,不可得,不可得
S3,3122620597,A,2,50,0.035214810343092866,120818,286.729343,不可得,不可得
S3,3122620597,A,3,75,0.035214810343092866,211700,434.36188,不可得,不可得
S3,3122620597,A,4,100,0.03370560418553174,303089,578.874835,不可得,不可得
S3,3122620597,B,1,25,0.03209578428413321,36702,154.599371,不可得,不可得
S3,3122620597,B,2,50,0.03179394305262099,128902,321.365431,不可得,不可得
S3,3122620597,B,3,75,0.03139148807727136,225468,471.570787,不可得,不可得
S3,3122620597,B,4,100,0.030385350638897274,330378,609.587643,不可得,不可得
S3,3122620597,C,1,25,0.018009860146896067,43342,162.33048,不可得,不可得
S3,3122620597,C,2,50,0.007042962068618573,150583,340.251844,不可得,不可得
S3,3122620597,C,3,75,0.006741120837106348,254133,506.459259,不可得,不可得
S3,3122620597,C,4,100,0.006338665861756717,360968,696.17534,不可得,不可得
