配对编号,搜索种子,组别,评测序号,轮次,当前最优超额率
S1,1836735484,A,1,1,0.03984304255961364
S1,1836735484,A,2,1,0.03984304255961364
S1,1836735484,A,3,1,0.03984304255961364
S1,1836735484,A,4,1,0.03984304255961364
S1,1836735484,A,5,1,0.03984304255961364
S1,1836735484,A,6,1,0.03984304255961364
S1,1836735484,A,7,1,0.03984304255961364
S1,1836735484,A,8,1,0.03984304255961364
S1,1836735484,A,9,1,0.03984304255961364
S1,1836735484,A,10,1,0.03984304255961364
S1,1836735484,A,11,1,0.03984304255961364
S1,1836735484,A,12,1,0.03984304255961364
S1,1836735484,A,13,1,0.03984304255961364
S1,1836735484,A,14,1,0.03984304255961364
S1,1836735484,A,15,1,0.03984304255961364
S1,1836735484,A,16,1,0.03984304255961364
S1,1836735484,A,17,1,0.03984304255961364
S1,1836735484,A,18,1,0.03984304255961364
S1,1836735484,A,19,1,0.03984304255961364
S1,1836735484,A,20,1,0.03984304255961364
S1,1836735484,A,21,1,0.03984304255961364
S1,1836735484,A,22,1,0.03863567763356475
S1,1836735484,A,23,1,0.03863567763356475
S1,1836735484,A,24,1,0.03863567763356475
S1,1836735484,A,25,1,0.03863567763356475
S1,1836735484,A,26,2,0.03863567763356475
S1,1836735484,A,27,2,0.03863567763356475
S1,1836735484,A,28,2,0.03863567763356475
S1,1836735484,A,29,2,0.03863567763356475
S1,1836735484,A,30,2,0.03863567763356475
S1,1836735484,A,31,2,0.030284736895059866
S1,1836735484,A,32,2,0.030284736895059866
S1,1836735484,A,33,2,0.030284736895059866
S1,1836735484,A,34,2,0.030284736895059866
S1,1836735484,A,35,2,0.030284736895059866
S1,1836735484,A,36,2,0.014085924137237147
S1,1836735484,A,37,2,0.014085924137237147
S1,1836735484,A,38,2,0.014085924137237147
S1,1836735484,A,39,2,0.014085924137237147
S1,1836735484,A,40,2,0.009155850689204145
S1,1836735484,A,41,2,0.009155850689204145
S1,1836735484,A,42,2,0.009155850689204145
S1,1836735484,A,43,2,0.009155850689204145
S1,1836735484,A,44,2,0.009155850689204145
S1,1836735484,A,45,2,0.009155850689204145
S1,1836735484,A,46,2,0.009155850689204145
S1,1836735484,A,47,2,0.009155850689204145
S1,1836735484,A,48,2,0.009155850689204145
S1,1836735484,A,49,2,0.009155850689204145
S1,1836735484,A,50,2,0.009155850689204145
S1,1836735484,A,51,3,0.009155850689204145
S1,1836735484,A,52,3,0.009155850689204145
S1,1836735484,A,53,3,0.009155850689204145
S1,1836735484,A,54,3,0.009155850689204145
S1,1836735484,A,55,3,0.009155850689204145
S1,1836735484,A,56,3,0.009155850689204145
S1,1836735484,A,57,3,0.009155850689204145
S1,1836735484,A,58,3,0.009155850689204145
S1,1836735484,A,59,3,0.009155850689204145
S1,1836735484,A,60,3,0.009155850689204145
S1,1836735484,A,61,3,0.009155850689204145
S1,1836735484,A,62,3,0.009155850689204145
S1,1836735484,A,63,3,0.009155850689204145
S1,1836735484,A,64,3,0.009155850689204145
S1,1836735484,A,65,3,0.009155850689204145
S1,1836735484,A,66,3,0.009155850689204145
S1,1836735484,A,67,3,0.009155850689204145
S1,1836735484,A,68,3,0.009155850689204145
S1,1836735484,A,69,3,0.009155850689204145
S1,1836735484,A,70,3,0.009155850689204145
S1,1836735484,A,71,3,0.009155850689204145
S1,1836735484,A,72,3,0.009155850689204145
S1,1836735484,A,73,3,0.009155850689204145
S1,1836735484,A,74,3,0.009155850689204145
S1,1836735484,A,75,3,0.009155850689204145
S1,1836735484,A,76,4,0.009155850689204145
S1,1836735484,A,77,4,0.009155850689204145
S1,1836735484,A,78,4,0.009155850689204145
S1,1836735484,A,79,4,0.009155850689204145
S1,1836735484,A,80,4,0.009155850689204145
S1,1836735484,A,81,4,0.009155850689204145
S1,1836735484,A,82,4,0.008451554482342288
S1,1836735484,A,83,4,0.008451554482342288
S1,1836735484,A,84,4,0.008451554482342288
S1,1836735484,A,85,4,0.008451554482342288
S1,1836735484,A,86,4,0.008451554482342288
S1,1836735484,A,87,4,0.008451554482342288
S1,1836735484,A,88,4,0.008451554482342288
S1,1836735484,A,89,4,0.007344803300130797
S1,1836735484,A,90,4,0.007344803300130797
S1,1836735484,A,91,4,0.006841734580943756
S1,1836735484,A,92,4,0.006841734580943756
S1,1836735484,A,93,4,0.006841734580943756
S1,1836735484,A,94,4,0.006841734580943756
S1,1836735484,A,95,4,0.006841734580943756
S1,1836735484,A,96,4,0.006841734580943756
S1,1836735484,A,97,4,0.006841734580943756
S1,1836735484,A,98,4,0.006841734580943756
S1,1836735484,A,99,4,0.006841734580943756
S1,1836735484,A,100,4,0.006841734580943756
S1,1836735484,B,1,1,0.03984304255961364
S1,1836735484,B,2,1,0.03984304255961364
S1,1836735484,B,3,1,0.03984304255961364
S1,1836735484,B,4,1,0.03984304255961364
S1,1836735484,B,5,1,0.03984304255961364
S1,1836735484,B,6,1,0.03984304255961364
S1,1836735484,B,7,1,0.03984304255961364
S1,1836735484,B,8,1,0.03984304255961364
S1,1836735484,B,9,1,0.03984304255961364
S1,1836735484,B,10,1,0.03984304255961364
S1,1836735484,B,11,1,0.03984304255961364
S1,1836735484,B,12,1,0.03984304255961364
S1,1836735484,B,13,1,0.03984304255961364
S1,1836735484,B,14,1,0.03984304255961364
S1,1836735484,B,15,1,0.03984304255961364
S1,1836735484,B,16,1,0.03984304255961364
S1,1836735484,B,17,1,0.03984304255961364
S1,1836735484,B,18,1,0.03984304255961364
S1,1836735484,B,19,1,0.03984304255961364
S1,1836735484,B,20,1,0.03984304255961364
S1,1836735484,B,21,1,0.03984304255961364
S1,1836735484,B,22,1,0.03984304255961364
S1,1836735484,B,23,1,0.03984304255961364
S1,1836735484,B,24,1,0.03984304255961364
S1,1836735484,B,25,1,0.03984304255961364
S1,1836735484,B,26,2,0.03984304255961364
S1,1836735484,B,27,2,0.03984304255961364
S1,1836735484,B,28,2,0.03984304255961364
S1,1836735484,B,29,2,0.03984304255961364
S1,1836735484,B,30,2,0.03984304255961364
S1,1836735484,B,31,2,0.03984304255961364
S1,1836735484,B,32,2,0.03984304255961364
S1,1836735484,B,33,2,0.03984304255961364
S1,1836735484,B,34,2,0.03984304255961364
S1,1836735484,B,35,2,0.03984304255961364
S1,1836735484,B,36,2,0.03984304255961364
S1,1836735484,B,37,2,0.03984304255961364
S1,1836735484,B,38,2,0.03984304255961364
S1,1836735484,B,39,2,0.03984304255961364
S1,1836735484,B,40,2,0.03984304255961364
S1,1836735484,B,41,2,0.03984304255961364
S1,1836735484,B,42,2,0.03984304255961364
S1,1836735484,B,43,2,0.03984304255961364
S1,1836735484,B,44,2,0.03984304255961364
S1,1836735484,B,45,2,0.03984304255961364
S1,1836735484,B,46,2,0.03984304255961364
S1,1836735484,B,47,2,0.03984304255961364
S1,1836735484,B,48,2,0.03984304255961364
S1,1836735484,B,49,2,0.03984304255961364
S1,1836735484,B,50,2,0.03984304255961364
S1,1836735484,B,51,3,0.03984304255961364
S1,1836735484,B,52,3,0.03984304255961364
S1,1836735484,B,53,3,0.03984304255961364
S1,1836735484,B,54,3,0.03984304255961364
S1,1836735484,B,55,3,0.03984304255961364
S1,1836735484,B,56,3,0.03984304255961364
S1,1836735484,B,57,3,0.03984304255961364
S1,1836735484,B,58,3,0.03984304255961364
S1,1836735484,B,59,3,0.03984304255961364
S1,1836735484,B,60,3,0.03984304255961364
S1,1836735484,B,61,3,0.03984304255961364
S1,1836735484,B,62,3,0.03984304255961364
S1,1836735484,B,63,3,0.03984304255961364
S1,1836735484,B,64,3,0.03984304255961364
S1,1836735484,B,65,3,0.03984304255961364
S1,1836735484,B,66,3,0.03984304255961364
S1,1836735484,B,67,3,0.03984304255961364
S1,1836735484,B,68,3,0.03984304255961364
S1,1836735484,B,69,3,0.039742428815776235
S1,1836735484,B,70,3,0.039742428815776235
S1,1836735484,B,71,3,0.039742428815776235
S1,1836735484,B,72,3,0.039742428815776235
S1,1836735484,B,73,3,0.039742428815776235
S1,1836735484,B,74,3,0.039742428815776235
S1,1836735484,B,75,3,0.03853506388972734
S1,1836735484,B,76,4,0.03853506388972734
S1,1836735484,B,77,4,0.03853506388972734
S1,1836735484,B,78,4,0.03853506388972734
S1,1836735484,B,79,4,0.03853506388972734
S1,1836735484,B,80,4,0.03853506388972734
S1,1836735484,B,81,4,0.03853506388972734
S1,1836735484,B,82,4,0.03702585773216622
S1,1836735484,B,83,4,0.03702585773216622
S1,1836735484,B,84,4,0.03702585773216622
S1,1836735484,B,85,4,0.03702585773216622
S1,1836735484,B,86,4,0.03702585773216622
S1,1836735484,B,87,4,0.03702585773216622
S1,1836735484,B,88,4,0.03702585773216622
S1,1836735484,B,89,4,0.03702585773216622
S1,1836735484,B,90,4,0.03702585773216622
S1,1836735484,B,91,4,0.03702585773216622
S1,1836735484,B,92,4,0.03702585773216622
S1,1836735484,B,93,4,0.03702585773216622
S1,1836735484,B,94,4,0.03702585773216622
S1,1836735484,B,95,4,0.03702585773216622
S1,1836735484,B,96,4,0.03702585773216622
S1,1836735484,B,97,4,0.03702585773216622
S1,1836735484,B,98,4,0.03702585773216622
S1,1836735484,B,99,4,0.03702585773216622
S1,1836735484,B,100,4,0.03702585773216622
S1,1836735484,C,1,1,0.03984304255961364
S1,1836735484,C,2,1,0.03984304255961364
S1,1836735484,C,3,1,0.03984304255961364
S1,1836735484,C,4,1,0.03984304255961364
S1,1836735484,C,5,1,0.03984304255961364
S1,1836735484,C,6,1,0.03984304255961364
S1,1836735484,C,7,1,0.03984304255961364
S1,1836735484,C,8,1,0.03984304255961364
S1,1836735484,C,9,1,0.03984304255961364
S1,1836735484,C,10,1,0.024952208471677232
S1,1836735484,C,11,1,0.024952208471677232
S1,1836735484,C,12,1,0.024952208471677232
S1,1836735484,C,13,1,0.024952208471677232
S1,1836735484,C,14,1,0.024952208471677232
S1,1836735484,C,15,1,0.020827044974343494
S1,1836735484,C,16,1,0.020827044974343494
S1,1836735484,C,17,1,0.020827044974343494
S1,1836735484,C,18,1,0.020827044974343494
S1,1836735484,C,19,1,0.020827044974343494
S1,1836735484,C,20,1,0.020827044974343494
S1,1836735484,C,21,1,0.020827044974343494
S1,1836735484,C,22,1,0.020827044974343494
S1,1836735484,C,23,1,0.020827044974343494
S1,1836735484,C,24,1,0.020827044974343494
S1,1836735484,C,25,1,0.020827044974343494
S1,1836735484,C,26,2,0.020827044974343494
S1,1836735484,C,27,2,0.020827044974343494
S1,1836735484,C,28,2,0.020827044974343494
S1,1836735484,C,29,2,0.020827044974343494
S1,1836735484,C,30,2,0.020827044974343494
S1,1836735484,C,31,2,0.020827044974343494
S1,1836735484,C,32,2,0.020827044974343494
S1,1836735484,C,33,2,0.020827044974343494
S1,1836735484,C,34,2,0.020827044974343494
S1,1836735484,C,35,2,0.020827044974343494
S1,1836735484,C,36,2,0.020827044974343494
S1,1836735484,C,37,2,0.020827044974343494
S1,1836735484,C,38,2,0.020827044974343494
S1,1836735484,C,39,2,0.020827044974343494
S1,1836735484,C,40,2,0.020827044974343494
S1,1836735484,C,41,2,0.020827044974343494
S1,1836735484,C,42,2,0.016400040245497537
S1,1836735484,C,43,2,0.016400040245497537
S1,1836735484,C,44,2,0.016400040245497537
S1,1836735484,C,45,2,0.016400040245497537
S1,1836735484,C,46,2,0.016400040245497537
S1,1836735484,C,47,2,0.016400040245497537
S1,1836735484,C,48,2,0.016400040245497537
S1,1836735484,C,49,2,0.016400040245497537
S1,1836735484,C,50,2,0.016400040245497537
S1,1836735484,C,51,3,0.016400040245497537
S1,1836735484,C,52,3,0.016400040245497537
S1,1836735484,C,53,3,0.016400040245497537
S1,1836735484,C,54,3,0.016400040245497537
S1,1836735484,C,55,3,0.016400040245497537
S1,1836735484,C,56,3,0.016400040245497537
S1,1836735484,C,57,3,0.01448837911258678
S1,1836735484,C,58,3,0.011369353053627126
S1,1836735484,C,59,3,0.011369353053627126
S1,1836735484,C,60,3,0.010463829359090453
S1,1836735484,C,61,3,0.010463829359090453
S1,1836735484,C,62,3,0.010463829359090453
S1,1836735484,C,63,3,0.010463829359090453
S1,1836735484,C,64,3,0.010463829359090453
S1,1836735484,C,65,3,0.010463829359090453
S1,1836735484,C,66,3,0.010463829359090453
S1,1836735484,C,67,3,0.010463829359090453
S1,1836735484,C,68,3,0.010463829359090453
S1,1836735484,C,69,3,0.010463829359090453
S1,1836735484,C,70,3,0.010463829359090453
S1,1836735484,C,71,3,0.010463829359090453
S1,1836735484,C,72,3,0.010463829359090453
S1,1836735484,C,73,3,0.010463829359090453
S1,1836735484,C,74,3,0.010463829359090453
S1,1836735484,C,75,3,0.010463829359090453
S1,1836735484,C,76,4,0.010463829359090453
S1,1836735484,C,77,4,0.010463829359090453
S1,1836735484,C,78,4,0.010463829359090453
S1,1836735484,C,79,4,0.010463829359090453
S1,1836735484,C,80,4,0.010463829359090453
S1,1836735484,C,81,4,0.010463829359090453
S1,1836735484,C,82,4,0.010463829359090453
S1,1836735484,C,83,4,0.010463829359090453
S1,1836735484,C,84,4,0.010161988127578228
S1,1836735484,C,85,4,0.010161988127578228
S1,1836735484,C,86,4,0.010161988127578228
S1,1836735484,C,87,4,0.009860146896066003
S1,1836735484,C,88,4,0.009860146896066003
S1,1836735484,C,89,4,0.009860146896066003
S1,1836735484,C,90,4,0.009860146896066003
S1,1836735484,C,91,4,0.009860146896066003
S1,1836735484,C,92,4,0.009860146896066003
S1,1836735484,C,93,4,0.009860146896066003
S1,1836735484,C,94,4,0.009860146896066003
S1,1836735484,C,95,4,0.009860146896066003
S1,1836735484,C,96,4,0.009860146896066003
S1,1836735484,C,97,4,0.009860146896066003
S1,1836735484,C,98,4,0.009860146896066003
S1,1836735484,C,99,4,0.009860146896066003
S1,1836735484,C,100,4,0.009558305664553778
S2,1706957291,A,1,1,0.03984304255961364
S2,1706957291,A,2,1,0.03984304255961364
S2,1706957291,A,3,1,0.03984304255961364
S2,1706957291,A,4,1,0.03984304255961364
S2,1706957291,A,5,1,0.03984304255961364
S2,1706957291,A,6,1,0.03984304255961364
S2,1706957291,A,7,1,0.03984304255961364
S2,1706957291,A,8,1,0.03984304255961364
S2,1706957291,A,9,1,0.03984304255961364
S2,1706957291,A,10,1,0.03984304255961364
S2,1706957291,A,11,1,0.03984304255961364
S2,1706957291,A,12,1,0.03984304255961364
S2,1706957291,A,13,1,0.03984304255961364
S2,1706957291,A,14,1,0.03984304255961364
S2,1706957291,A,15,1,0.03984304255961364
S2,1706957291,A,16,1,0.03984304255961364
S2,1706957291,A,17,1,0.03984304255961364
S2,1706957291,A,18,1,0.03793138142670289
S2,1706957291,A,19,1,0.03793138142670289
S2,1706957291,A,20,1,0.03793138142670289
S2,1706957291,A,21,1,0.03793138142670289
S2,1706957291,A,22,1,0.03793138142670289
S2,1706957291,A,23,1,0.03793138142670289
S2,1706957291,A,24,1,0.03793138142670289
S2,1706957291,A,25,1,0.03793138142670289
S2,1706957291,A,26,2,0.03793138142670289
S2,1706957291,A,27,2,0.03793138142670289
S2,1706957291,A,28,2,0.03793138142670289
S2,1706957291,A,29,2,0.03793138142670289
S2,1706957291,A,30,2,0.03793138142670289
S2,1706957291,A,31,2,0.03793138142670289
S2,1706957291,A,32,2,0.03793138142670289
S2,1706957291,A,33,2,0.03551665157460509
S2,1706957291,A,34,2,0.03551665157460509
S2,1706957291,A,35,2,0.032699466747157666
S2,1706957291,A,36,2,0.032699466747157666
S2,1706957291,A,37,2,0.032699466747157666
S2,1706957291,A,38,2,0.032699466747157666
S2,1706957291,A,39,2,0.032699466747157666
S2,1706957291,A,40,2,0.032699466747157666
S2,1706957291,A,41,2,0.032699466747157666
S2,1706957291,A,42,2,0.032699466747157666
S2,1706957291,A,43,2,0.032699466747157666
S2,1706957291,A,44,2,0.032699466747157666
S2,1706957291,A,45,2,0.032699466747157666
S2,1706957291,A,46,2,0.032699466747157666
S2,1706957291,A,47,2,0.032699466747157666
S2,1706957291,A,48,2,0.032699466747157666
S2,1706957291,A,49,2,0.026763255860750578
S2,1706957291,A,50,2,0.026763255860750578
S2,1706957291,A,51,3,0.026763255860750578
S2,1706957291,A,52,3,0.026763255860750578
S2,1706957291,A,53,3,0.026763255860750578
S2,1706957291,A,54,3,0.026763255860750578
S2,1706957291,A,55,3,0.026763255860750578
S2,1706957291,A,56,3,0.026763255860750578
S2,1706957291,A,57,3,0.025052822215514643
S2,1706957291,A,58,3,0.01710433645235939
S2,1706957291,A,59,3,0.01710433645235939
S2,1706957291,A,60,3,0.01710433645235939
S2,1706957291,A,61,3,0.01710433645235939
S2,1706957291,A,62,3,0.01710433645235939
S2,1706957291,A,63,3,0.01710433645235939
S2,1706957291,A,64,3,0.01710433645235939
S2,1706957291,A,65,3,0.01710433645235939
S2,1706957291,A,66,3,0.01710433645235939
S2,1706957291,A,67,3,0.01710433645235939
S2,1706957291,A,68,3,0.01710433645235939
S2,1706957291,A,69,3,0.01710433645235939
S2,1706957291,A,70,3,0.01710433645235939
S2,1706957291,A,71,3,0.01710433645235939
S2,1706957291,A,72,3,0.016802495220847168
S2,1706957291,A,73,3,0.016802495220847168
S2,1706957291,A,74,3,0.016802495220847168
S2,1706957291,A,75,3,0.016802495220847168
S2,1706957291,A,76,4,0.016802495220847168
S2,1706957291,A,77,4,0.016802495220847168
S2,1706957291,A,78,4,0.016802495220847168
S2,1706957291,A,79,4,0.016802495220847168
S2,1706957291,A,80,4,0.016802495220847168
S2,1706957291,A,81,4,0.016601267733172352
S2,1706957291,A,82,4,0.014689606600261595
S2,1706957291,A,83,4,0.014689606600261595
S2,1706957291,A,84,4,0.014689606600261595
S2,1706957291,A,85,4,0.014689606600261595
S2,1706957291,A,86,4,0.014689606600261595
S2,1706957291,A,87,4,0.014689606600261595
S2,1706957291,A,88,4,0.014689606600261595
S2,1706957291,A,89,4,0.014689606600261595
S2,1706957291,A,90,4,0.014689606600261595
S2,1706957291,A,91,4,0.014689606600261595
S2,1706957291,A,92,4,0.014689606600261595
S2,1706957291,A,93,4,0.014689606600261595
S2,1706957291,A,94,4,0.014689606600261595
S2,1706957291,A,95,4,0.014689606600261595
S2,1706957291,A,96,4,0.014689606600261595
S2,1706957291,A,97,4,0.014689606600261595
S2,1706957291,A,98,4,0.014689606600261595
S2,1706957291,A,99,4,0.013683469161887512
S2,1706957291,A,100,4,0.013683469161887512
S2,1706957291,B,1,1,0.03984304255961364
S2,1706957291,B,2,1,0.03984304255961364
S2,1706957291,B,3,1,0.03984304255961364
S2,1706957291,B,4,1,0.03984304255961364
S2,1706957291,B,5,1,0.03984304255961364
S2,1706957291,B,6,1,0.03984304255961364
S2,1706957291,B,7,1,0.03984304255961364
S2,1706957291,B,8,1,0.03984304255961364
S2,1706957291,B,9,1,0.03984304255961364
S2,1706957291,B,10,1,0.03903813260891438
S2,1706957291,B,11,1,0.03903813260891438
S2,1706957291,B,12,1,0.03903813260891438
S2,1706957291,B,13,1,0.03903813260891438
S2,1706957291,B,14,1,0.03903813260891438
S2,1706957291,B,15,1,0.03903813260891438
S2,1706957291,B,16,1,0.03903813260891438
S2,1706957291,B,17,1,0.036422175269141766
S2,1706957291,B,18,1,0.036422175269141766
S2,1706957291,B,19,1,0.036422175269141766
S2,1706957291,B,20,1,0.036422175269141766
S2,1706957291,B,21,1,0.036422175269141766
S2,1706957291,B,22,1,0.036422175269141766
S2,1706957291,B,23,1,0.036422175269141766
S2,1706957291,B,24,1,0.036422175269141766
S2,1706957291,B,25,1,0.036422175269141766
S2,1706957291,B,26,2,0.036422175269141766
S2,1706957291,B,27,2,0.036422175269141766
S2,1706957291,B,28,2,0.036422175269141766
S2,1706957291,B,29,2,0.036422175269141766
S2,1706957291,B,30,2,0.036422175269141766
S2,1706957291,B,31,2,0.036422175269141766
S2,1706957291,B,32,2,0.036422175269141766
S2,1706957291,B,33,2,0.036422175269141766
S2,1706957291,B,34,2,0.026461414629238355
S2,1706957291,B,35,2,0.026461414629238355
S2,1706957291,B,36,2,0.026461414629238355
S2,1706957291,B,37,2,0.026461414629238355
S2,1706957291,B,38,2,0.026461414629238355
S2,1706957291,B,39,2,0.026461414629238355
S2,1706957291,B,40,2,0.026461414629238355
S2,1706957291,B,41,2,0.026461414629238355
S2,1706957291,B,42,2,0.026461414629238355
S2,1706957291,B,43,2,0.026461414629238355
S2,1706957291,B,44,2,0.026461414629238355
S2,1706957291,B,45,2,0.026461414629238355
S2,1706957291,B,46,2,0.026461414629238355
S2,1706957291,B,47,2,0.026461414629238355
S2,1706957291,B,48,2,0.026461414629238355
S2,1706957291,B,49,2,0.026058959653888724
S2,1706957291,B,50,2,0.026058959653888724
S2,1706957291,B,51,3,0.026058959653888724
S2,1706957291,B,52,3,0.026058959653888724
S2,1706957291,B,53,3,0.026058959653888724
S2,1706957291,B,54,3,0.026058959653888724
S2,1706957291,B,55,3,0.026058959653888724
S2,1706957291,B,56,3,0.026058959653888724
S2,1706957291,B,57,3,0.026058959653888724
S2,1706957291,B,58,3,0.026058959653888724
S2,1706957291,B,59,3,0.026058959653888724
S2,1706957291,B,60,3,0.026058959653888724
S2,1706957291,B,61,3,0.026058959653888724
S2,1706957291,B,62,3,0.026058959653888724
S2,1706957291,B,63,3,0.026058959653888724
S2,1706957291,B,64,3,0.026058959653888724
S2,1706957291,B,65,3,0.026058959653888724
S2,1706957291,B,66,3,0.026058959653888724
S2,1706957291,B,67,3,0.026058959653888724
S2,1706957291,B,68,3,0.026058959653888724
S2,1706957291,B,69,3,0.026058959653888724
S2,1706957291,B,70,3,0.026058959653888724
S2,1706957291,B,71,3,0.026058959653888724
S2,1706957291,B,72,3,0.026058959653888724
S2,1706957291,B,73,3,0.026058959653888724
S2,1706957291,B,74,3,0.026058959653888724
S2,1706957291,B,75,3,0.026058959653888724
S2,1706957291,B,76,4,0.026058959653888724
S2,1706957291,B,77,4,0.026058959653888724
S2,1706957291,B,78,4,0.026058959653888724
S2,1706957291,B,79,4,0.026058959653888724
S2,1706957291,B,80,4,0.026058959653888724
S2,1706957291,B,81,4,0.026058959653888724
S2,1706957291,B,82,4,0.026058959653888724
S2,1706957291,B,83,4,0.026058959653888724
S2,1706957291,B,84,4,0.026058959653888724
S2,1706957291,B,85,4,0.026058959653888724
S2,1706957291,B,86,4,0.026058959653888724
S2,1706957291,B,87,4,0.026058959653888724
S2,1706957291,B,88,4,0.026058959653888724
S2,1706957291,B,89,4,0.026058959653888724
S2,1706957291,B,90,4,0.026058959653888724
S2,1706957291,B,91,4,0.026058959653888724
S2,1706957291,B,92,4,0.026058959653888724
S2,1706957291,B,93,4,0.026058959653888724
S2,1706957291,B,94,4,0.026058959653888724
S2,1706957291,B,95,4,0.026058959653888724
S2,1706957291,B,96,4,0.026058959653888724
S2,1706957291,B,97,4,0.026058959653888724
S2,1706957291,B,98,4,0.026058959653888724
S2,1706957291,B,99,4,0.026058959653888724
S2,1706957291,B,100,4,0.026058959653888724
S2,1706957291,C,1,1,0.03984304255961364
S2,1706957291,C,2,1,0.03984304255961364
S2,1706957291,C,3,1,0.03984304255961364
S2,1706957291,C,4,1,0.03984304255961364
S2,1706957291,C,5,1,0.03984304255961364
S2,1706957291,C,6,1,0.03984304255961364
S2,1706957291,C,7,1,0.03984304255961364
S2,1706957291,C,8,1,0.03984304255961364
S2,1706957291,C,9,1,0.03984304255961364
S2,1706957291,C,10,1,0.035617265318442504
S2,1706957291,C,11,1,0.035617265318442504
S2,1706957291,C,12,1,0.035617265318442504
S2,1706957291,C,13,1,0.008854009457691922
S2,1706957291,C,14,1,0.008854009457691922
S2,1706957291,C,15,1,0.008854009457691922
S2,1706957291,C,16,1,0.008854009457691922
S2,1706957291,C,17,1,0.008854009457691922
S2,1706957291,C,18,1,0.008854009457691922
S2,1706957291,C,19,1,0.008854009457691922
S2,1706957291,C,20,1,0.008854009457691922
S2,1706957291,C,21,1,0.008854009457691922
S2,1706957291,C,22,1,0.008854009457691922
S2,1706957291,C,23,1,0.008854009457691922
S2,1706957291,C,24,1,0.008854009457691922
S2,1706957291,C,25,1,0.008854009457691922
S2,1706957291,C,26,2,0.008854009457691922
S2,1706957291,C,27,2,0.008854009457691922
S2,1706957291,C,28,2,0.008854009457691922
S2,1706957291,C,29,2,0.008854009457691922
S2,1706957291,C,30,2,0.008854009457691922
S2,1706957291,C,31,2,0.008854009457691922
S2,1706957291,C,32,2,0.008854009457691922
S2,1706957291,C,33,2,0.008854009457691922
S2,1706957291,C,34,2,0.008854009457691922
S2,1706957291,C,35,2,0.008854009457691922
S2,1706957291,C,36,2,0.008854009457691922
S2,1706957291,C,37,2,0.008854009457691922
S2,1706957291,C,38,2,0.008854009457691922
S2,1706957291,C,39,2,0.008854009457691922
S2,1706957291,C,40,2,0.008854009457691922
S2,1706957291,C,41,2,0.008854009457691922
S2,1706957291,C,42,2,0.007646644531643022
S2,1706957291,C,43,2,0.007646644531643022
S2,1706957291,C,44,2,0.007646644531643022
S2,1706957291,C,45,2,0.007646644531643022
S2,1706957291,C,46,2,0.007646644531643022
S2,1706957291,C,47,2,0.007646644531643022
S2,1706957291,C,48,2,0.007646644531643022
S2,1706957291,C,49,2,0.007646644531643022
S2,1706957291,C,50,2,0.007646644531643022
S2,1706957291,C,51,3,0.007646644531643022
S2,1706957291,C,52,3,0.007646644531643022
S2,1706957291,C,53,3,0.007646644531643022
S2,1706957291,C,54,3,0.007646644531643022
S2,1706957291,C,55,3,0.007646644531643022
S2,1706957291,C,56,3,0.007344803300130797
S2,1706957291,C,57,3,0.007344803300130797
S2,1706957291,C,58,3,0.007344803300130797
S2,1706957291,C,59,3,0.007344803300130797
S2,1706957291,C,60,3,0.007344803300130797
S2,1706957291,C,61,3,0.007344803300130797
S2,1706957291,C,62,3,0.007344803300130797
S2,1706957291,C,63,3,0.007344803300130797
S2,1706957291,C,64,3,0.007344803300130797
S2,1706957291,C,65,3,0.007344803300130797
S2,1706957291,C,66,3,0.007344803300130797
S2,1706957291,C,67,3,0.007344803300130797
S2,1706957291,C,68,3,0.007344803300130797
S2,1706957291,C,69,3,0.007344803300130797
S2,1706957291,C,70,3,0.007344803300130797
S2,1706957291,C,71,3,0.007344803300130797
S2,1706957291,C,72,3,0.007344803300130797
S2,1706957291,C,73,3,0.007344803300130797
S2,1706957291,C,74,3,0.007344803300130797
S2,1706957291,C,75,3,0.007344803300130797
S2,1706957291,C,76,4,0.007344803300130797
S2,1706957291,C,77,4,0.007344803300130797
S2,1706957291,C,78,4,0.007344803300130797
S2,1706957291,C,79,4,0.007344803300130797
S2,1706957291,C,80,4,0.007344803300130797
S2,1706957291,C,81,4,0.007344803300130797
S2,1706957291,C,82,4,0.006238052117919308
S2,1706957291,C,83,4,0.006238052117919308
S2,1706957291,C,84,4,0.006238052117919308
S2,1706957291,C,85,4,0.006238052117919308
S2,1706957291,C,86,4,0.006238052117919308
S2,1706957291,C,87,4,0.006238052117919308
S2,1706957291,C,88,4,0.006238052117919308
S2,1706957291,C,89,4,0.006238052117919308
S2,1706957291,C,90,4,0.006238052117919308
S2,1706957291,C,91,4,0.006238052117919308
S2,1706957291,C,92,4,0.006238052117919308
S2,1706957291,C,93,4,0.006238052117919308
S2,1706957291,C,94,4,0.006238052117919308
S2,1706957291,C,95,4,0.006238052117919308
S2,1706957291,C,96,4,0.006238052117919308
S2,1706957291,C,97,4,0.006238052117919308
S2,1706957291,C,98,4,0.006238052117919308
S2,1706957291,C,99,4,0.006238052117919308
S2,1706957291,C,100,4,0.006238052117919308
S3,3122620597,A,1,1,0.03984304255961364
S3,3122620597,A,2,1,0.03984304255961364
S3,3122620597,A,3,1,0.03984304255961364
S3,3122620597,A,4,1,0.03984304255961364
S3,3122620597,A,5,1,0.03984304255961364
S3,3122620597,A,6,1,0.03984304255961364
S3,3122620597,A,7,1,0.03984304255961364
S3,3122620597,A,8,1,0.03984304255961364
S3,3122620597,A,9,1,0.03984304255961364
S3,3122620597,A,10,1,0.03984304255961364
S3,3122620597,A,11,1,0.03984304255961364
S3,3122620597,A,12,1,0.03984304255961364
S3,3122620597,A,13,1,0.03984304255961364
S3,3122620597,A,14,1,0.03984304255961364
S3,3122620597,A,15,1,0.03984304255961364
S3,3122620597,A,16,1,0.03984304255961364
S3,3122620597,A,17,1,0.03984304255961364
S3,3122620597,A,18,1,0.03984304255961364
S3,3122620597,A,19,1,0.03984304255961364
S3,3122620597,A,20,1,0.03984304255961364
S3,3122620597,A,21,1,0.03984304255961364
S3,3122620597,A,22,1,0.039742428815776235
S3,3122620597,A,23,1,0.039742428815776235
S3,3122620597,A,24,1,0.03954120132810142
S3,3122620597,A,25,1,0.03954120132810142
S3,3122620597,A,26,2,0.03954120132810142
S3,3122620597,A,27,2,0.03954120132810142
S3,3122620597,A,28,2,0.03954120132810142
S3,3122620597,A,29,2,0.03954120132810142
S3,3122620597,A,30,2,0.03954120132810142
S3,3122620597,A,31,2,0.03954120132810142
S3,3122620597,A,32,2,0.03954120132810142
S3,3122620597,A,33,2,0.03954120132810142
S3,3122620597,A,34,2,0.039339973840426604
S3,3122620597,A,35,2,0.039339973840426604
S3,3122620597,A,36,2,0.039339973840426604
S3,3122620597,A,37,2,0.035214810343092866
S3,3122620597,A,38,2,0.035214810343092866
S3,3122620597,A,39,2,0.035214810343092866
S3,3122620597,A,40,2,0.035214810343092866
S3,3122620597,A,41,2,0.035214810343092866
S3,3122620597,A,42,2,0.035214810343092866
S3,3122620597,A,43,2,0.035214810343092866
S3,3122620597,A,44,2,0.035214810343092866
S3,3122620597,A,45,2,0.035214810343092866
S3,3122620597,A,46,2,0.035214810343092866
S3,3122620597,A,47,2,0.035214810343092866
S3,3122620597,A,48,2,0.035214810343092866
S3,3122620597,A,49,2,0.035214810343092866
S3,3122620597,A,50,2,0.035214810343092866
S3,3122620597,A,51,3,0.035214810343092866
S3,3122620597,A,52,3,0.035214810343092866
S3,3122620597,A,53,3,0.035214810343092866
S3,3122620597,A,54,3,0.035214810343092866
S3,3122620597,A,55,3,0.035214810343092866
S3,3122620597,A,56,3,0.035214810343092866
S3,3122620597,A,57,3,0.035214810343092866
S3,3122620597,A,58,3,0.035214810343092866
S3,3122620597,A,59,3,0.035214810343092866
S3,3122620597,A,60,3,0.035214810343092866
S3,3122620597,A,61,3,0.035214810343092866
S3,3122620597,A,62,3,0.035214810343092866
S3,3122620597,A,63,3,0.035214810343092866
S3,3122620597,A,64,3,0.035214810343092866
S3,3122620597,A,65,3,0.035214810343092866
S3,3122620597,A,66,3,0.035214810343092866
S3,3122620597,A,67,3,0.035214810343092866
S3,3122620597,A,68,3,0.035214810343092866
S3,3122620597,A,69,3,0.035214810343092866
S3,3122620597,A,70,3,0.035214810343092866
S3,3122620597,A,71,3,0.035214810343092866
S3,3122620597,A,72,3,0.035214810343092866
S3,3122620597,A,73,3,0.035214810343092866
S3,3122620597,A,74,3,0.035214810343092866
S3,3122620597,A,75,3,0.035214810343092866
S3,3122620597,A,76,4,0.035214810343092866
S3,3122620597,A,77,4,0.035214810343092866
S3,3122620597,A,78,4,0.035214810343092866
S3,3122620597,A,79,4,0.035214810343092866
S3,3122620597,A,80,4,0.035214810343092866
S3,3122620597,A,81,4,0.035214810343092866
S3,3122620597,A,82,4,0.035214810343092866
S3,3122620597,A,83,4,0.035214810343092866
S3,3122620597,A,84,4,0.035214810343092866
S3,3122620597,A,85,4,0.035214810343092866
S3,3122620597,A,86,4,0.035214810343092866
S3,3122620597,A,87,4,0.035214810343092866
S3,3122620597,A,88,4,0.035214810343092866
S3,3122620597,A,89,4,0.035214810343092866
S3,3122620597,A,90,4,0.035214810343092866
S3,3122620597,A,91,4,0.035214810343092866
S3,3122620597,A,92,4,0.035214810343092866
S3,3122620597,A,93,4,0.035214810343092866
S3,3122620597,A,94,4,0.035214810343092866
S3,3122620597,A,95,4,0.035214810343092866
S3,3122620597,A,96,4,0.035214810343092866
S3,3122620597,A,97,4,0.035214810343092866
S3,3122620597,A,98,4,0.035214810343092866
S3,3122620597,A,99,4,0.035214810343092866
S3,3122620597,A,100,4,0.03370560418553174
S3,3122620597,B,1,1,0.03984304255961364
S3,3122620597,B,2,1,0.03984304255961364
S3,3122620597,B,3,1,0.03984304255961364
S3,3122620597,B,4,1,0.03984304255961364
S3,3122620597,B,5,1,0.03984304255961364
S3,3122620597,B,6,1,0.03984304255961364
S3,3122620597,B,7,1,0.03984304255961364
S3,3122620597,B,8,1,0.03984304255961364
S3,3122620597,B,9,1,0.03984304255961364
S3,3122620597,B,10,1,0.03984304255961364
S3,3122620597,B,11,1,0.03984304255961364
S3,3122620597,B,12,1,0.03984304255961364
S3,3122620597,B,13,1,0.03984304255961364
S3,3122620597,B,14,1,0.03984304255961364
S3,3122620597,B,15,1,0.03984304255961364
S3,3122620597,B,16,1,0.03984304255961364
S3,3122620597,B,17,1,0.03984304255961364
S3,3122620597,B,18,1,0.03984304255961364
S3,3122620597,B,19,1,0.03984304255961364
S3,3122620597,B,20,1,0.03984304255961364
S3,3122620597,B,21,1,0.03984304255961364
S3,3122620597,B,22,1,0.03209578428413321
S3,3122620597,B,23,1,0.03209578428413321
S3,3122620597,B,24,1,0.03209578428413321
S3,3122620597,B,25,1,0.03209578428413321
S3,3122620597,B,26,2,0.03209578428413321
S3,3122620597,B,27,2,0.03209578428413321
S3,3122620597,B,28,2,0.03209578428413321
S3,3122620597,B,29,2,0.03209578428413321
S3,3122620597,B,30,2,0.03209578428413321
S3,3122620597,B,31,2,0.03209578428413321
S3,3122620597,B,32,2,0.03209578428413321
S3,3122620597,B,33,2,0.03209578428413321
S3,3122620597,B,34,2,0.03209578428413321
S3,3122620597,B,35,2,0.03209578428413321
S3,3122620597,B,36,2,0.0318945567964584
S3,3122620597,B,37,2,0.0318945567964584
S3,3122620597,B,38,2,0.0318945567964584
S3,3122620597,B,39,2,0.0318945567964584
S3,3122620597,B,40,2,0.0318945567964584
S3,3122620597,B,41,2,0.0318945567964584
S3,3122620597,B,42,2,0.0318945567964584
S3,3122620597,B,43,2,0.0318945567964584
S3,3122620597,B,44,2,0.03179394305262099
S3,3122620597,B,45,2,0.03179394305262099
S3,3122620597,B,46,2,0.03179394305262099
S3,3122620597,B,47,2,0.03179394305262099
S3,3122620597,B,48,2,0.03179394305262099
S3,3122620597,B,49,2,0.03179394305262099
S3,3122620597,B,50,2,0.03179394305262099
S3,3122620597,B,51,3,0.03179394305262099
S3,3122620597,B,52,3,0.03179394305262099
S3,3122620597,B,53,3,0.03179394305262099
S3,3122620597,B,54,3,0.03179394305262099
S3,3122620597,B,55,3,0.03179394305262099
S3,3122620597,B,56,3,0.03179394305262099
S3,3122620597,B,57,3,0.03179394305262099
S3,3122620597,B,58,3,0.03179394305262099
S3,3122620597,B,59,3,0.03139148807727136
S3,3122620597,B,60,3,0.03139148807727136
S3,3122620597,B,61,3,0.03139148807727136
S3,3122620597,B,62,3,0.03139148807727136
S3,3122620597,B,63,3,0.03139148807727136
S3,3122620597,B,64,3,0.03139148807727136
S3,3122620597,B,65,3,0.03139148807727136
S3,3122620597,B,66,3,0.03139148807727136
S3,3122620597,B,67,3,0.03139148807727136
S3,3122620597,B,68,3,0.03139148807727136
S3,3122620597,B,69,3,0.03139148807727136
S3,3122620597,B,70,3,0.03139148807727136
S3,3122620597,B,71,3,0.03139148807727136
S3,3122620597,B,72,3,0.03139148807727136
S3,3122620597,B,73,3,0.03139148807727136
S3,3122620597,B,74,3,0.03139148807727136
S3,3122620597,B,75,3,0.03139148807727136
S3,3122620597,B,76,4,0.03139148807727136
S3,3122620597,B,77,4,0.03139148807727136
S3,3122620597,B,78,4,0.03139148807727136
S3,3122620597,B,79,4,0.03139148807727136
S3,3122620597,B,80,4,0.03139148807727136
S3,3122620597,B,81,4,0.030385350638897274
S3,3122620597,B,82,4,0.030385350638897274
S3,3122620597,B,83,4,0.030385350638897274
S3,3122620597,B,84,4,0.030385350638897274
S3,3122620597,B,85,4,0.030385350638897274
S3,3122620597,B,86,4,0.030385350638897274
S3,3122620597,B,87,4,0.030385350638897274
S3,3122620597,B,88,4,0.030385350638897274
S3,3122620597,B,89,4,0.030385350638897274
S3,3122620597,B,90,4,0.030385350638897274
S3,3122620597,B,91,4,0.030385350638897274
S3,3122620597,B,92,4,0.030385350638897274
S3,3122620597,B,93,4,0.030385350638897274
S3,3122620597,B,94,4,0.030385350638897274
S3,3122620597,B,95,4,0.030385350638897274
S3,3122620597,B,96,4,0.030385350638897274
S3,3122620597,B,97,4,0.030385350638897274
S3,3122620597,B,98,4,0.030385350638897274
S3,3122620597,B,99,4,0.030385350638897274
S3,3122620597,B,100,4,0.030385350638897274
S3,3122620597,C,1,1,0.03984304255961364
S3,3122620597,C,2,1,0.03984304255961364
S3,3122620597,C,3,1,0.03984304255961364
S3,3122620597,C,4,1,0.03984304255961364
S3,3122620597,C,5,1,0.03984304255961364
S3,3122620597,C,6,1,0.03984304255961364
S3,3122620597,C,7,1,0.03984304255961364
S3,3122620597,C,8,1,0.03984304255961364
S3,3122620597,C,9,1,0.03984304255961364
S3,3122620597,C,10,1,0.03893751886507697
S3,3122620597,C,11,1,0.034812355367743235
S3,3122620597,C,12,1,0.034812355367743235
S3,3122620597,C,13,1,0.034812355367743235
S3,3122620597,C,14,1,0.034812355367743235
S3,3122620597,C,15,1,0.034812355367743235
S3,3122620597,C,16,1,0.034812355367743235
S3,3122620597,C,17,1,0.03290069423483248
S3,3122620597,C,18,1,0.018009860146896067
S3,3122620597,C,19,1,0.018009860146896067
S3,3122620597,C,20,1,0.018009860146896067
S3,3122620597,C,21,1,0.018009860146896067
S3,3122620597,C,22,1,0.018009860146896067
S3,3122620597,C,23,1,0.018009860146896067
S3,3122620597,C,24,1,0.018009860146896067
S3,3122620597,C,25,1,0.018009860146896067
S3,3122620597,C,26,2,0.018009860146896067
S3,3122620597,C,27,2,0.018009860146896067
S3,3122620597,C,28,2,0.018009860146896067
S3,3122620597,C,29,2,0.018009860146896067
S3,3122620597,C,30,2,0.018009860146896067
S3,3122620597,C,31,2,0.018009860146896067
S3,3122620597,C,32,2,0.00724418955629339
S3,3122620597,C,33,2,0.00724418955629339
S3,3122620597,C,34,2,0.00724418955629339
S3,3122620597,C,35,2,0.00724418955629339
S3,3122620597,C,36,2,0.00724418955629339
S3,3122620597,C,37,2,0.007143575812455982
S3,3122620597,C,38,2,0.007143575812455982
S3,3122620597,C,39,2,0.007143575812455982
S3,3122620597,C,40,2,0.007143575812455982
S3,3122620597,C,41,2,0.007143575812455982
S3,3122620597,C,42,2,0.007143575812455982
S3,3122620597,C,43,2,0.007143575812455981
S3,3122620597,C,44,2,0.007143575812455981
S3,3122620597,C,45,2,0.007042962068618573
S3,3122620597,C,46,2,0.007042962068618573
S3,3122620597,C,47,2,0.007042962068618573
S3,3122620597,C,48,2,0.007042962068618573
S3,3122620597,C,49,2,0.007042962068618573
S3,3122620597,C,50,2,0.007042962068618573
S3,3122620597,C,51,3,0.007042962068618573
S3,3122620597,C,52,3,0.007042962068618573
S3,3122620597,C,53,3,0.007042962068618573
S3,3122620597,C,54,3,0.007042962068618573
S3,3122620597,C,55,3,0.007042962068618573
S3,3122620597,C,56,3,0.007042962068618573
S3,3122620597,C,57,3,0.007042962068618573
S3,3122620597,C,58,3,0.007042962068618573
S3,3122620597,C,59,3,0.007042962068618573
S3,3122620597,C,60,3,0.007042962068618573
S3,3122620597,C,61,3,0.007042962068618573
S3,3122620597,C,62,3,0.007042962068618573
S3,3122620597,C,63,3,0.007042962068618573
S3,3122620597,C,64,3,0.007042962068618573
S3,3122620597,C,65,3,0.007042962068618573
S3,3122620597,C,66,3,0.007042962068618573
S3,3122620597,C,67,3,0.007042962068618573
S3,3122620597,C,68,3,0.007042962068618573
S3,3122620597,C,69,3,0.007042962068618573
S3,3122620597,C,70,3,0.006741120837106348
S3,3122620597,C,71,3,0.006741120837106348
S3,3122620597,C,72,3,0.006741120837106348
S3,3122620597,C,73,3,0.006741120837106348
S3,3122620597,C,74,3,0.006741120837106348
S3,3122620597,C,75,3,0.006741120837106348
S3,3122620597,C,76,4,0.006741120837106348
S3,3122620597,C,77,4,0.006741120837106348
S3,3122620597,C,78,4,0.006741120837106348
S3,3122620597,C,79,4,0.006741120837106348
S3,3122620597,C,80,4,0.006741120837106348
S3,3122620597,C,81,4,0.006741120837106348
S3,3122620597,C,82,4,0.006539893349431533
S3,3122620597,C,83,4,0.006539893349431533
S3,3122620597,C,84,4,0.006539893349431533
S3,3122620597,C,85,4,0.006539893349431533
S3,3122620597,C,86,4,0.006539893349431533
S3,3122620597,C,87,4,0.006539893349431533
S3,3122620597,C,88,4,0.006539893349431533
S3,3122620597,C,89,4,0.006539893349431533
S3,3122620597,C,90,4,0.006539893349431533
S3,3122620597,C,91,4,0.006539893349431533
S3,3122620597,C,92,4,0.006539893349431533
S3,3122620597,C,93,4,0.006539893349431533
S3,3122620597,C,94,4,0.006539893349431533
S3,3122620597,C,95,4,0.006539893349431533
S3,3122620597,C,96,4,0.006338665861756717
S3,3122620597,C,97,4,0.006338665861756717
S3,3122620597,C,98,4,0.006338665861756717
S3,3122620597,C,99,4,0.006338665861756717
S3,3122620597,C,100,4,0.006338665861756717
