配对编号,搜索种子,组别,第1轮,第2轮,第3轮,第4轮终点,累计目标面积,平均过程目标,首轮后改善,生成尝试,生成记录,有效生成,重复行为,可比较行为,生成请求,生成输入词元,生成输出词元,搜索阶段累计秒,外层词元,总模型词元
S1,1836735484,A,0.03863567763356475,0.009155850689204145,0.009155850689204145,0.006841734580943756,1.9190059362108864,0.019190059362108866,0.031793943052620996,84,83,78,34,78,88,293189,35667,899.179226,不可得,不可得
S1,1836735484,B,0.03984304255961364,0.03984304255961364,0.03853506388972734,0.03702585773216622,3.9210182110876346,0.039210182110876346,0.0028171848274474234,84,84,80,46,80,93,296134,27849,633.343609,不可得,不可得
S1,1836735484,C,0.020827044974343494,0.016400040245497537,0.010463829359090453,0.009558305664553778,1.7482644129188047,0.017482644129188048,0.011268739309789716,84,84,79,47,79,88,313823,28821,718.491969,不可得,不可得
S2,1706957291,A,0.03793138142670289,0.026763255860750578,0.016802495220847168,0.013683469161887512,2.6986618372069624,0.026986618372069626,0.024247912264815374,84,84,81,34,81,92,295987,29431,673.311208,不可得,不可得
S2,1706957291,B,0.036422175269141766,0.026058959653888724,0.026058959653888724,0.026058959653888724,3.0030184123151225,0.030030184123151223,0.010363215615253041,84,84,84,49,84,88,258975,17960,486.30463,不可得,不可得
S2,1706957291,C,0.008854009457691922,0.007646644531643022,0.007344803300130797,0.006238052117919308,1.1387463527517858,0.011387463527517858,0.002615957339772614,84,84,80,38,80,97,339274,33389,642.269036,不可得,不可得
S3,3122620597,A,0.03954120132810142,0.035214810343092866,0.035214810343092866,0.03370560418553174,3.681859341986115,0.03681859341986115,0.005835597142569676,84,84,82,44,82,88,276258,26831,578.874835,不可得,不可得
S3,3122620597,B,0.03209578428413321,0.03179394305262099,0.03139148807727136,0.030385350638897274,3.316430224368649,0.03316430224368649,0.0017104336452359384,84,83,80,37,80,92,299352,31026,609.587643,不可得,不可得
S3,3122620597,C,0.018009860146896067,0.007042962068618573,0.006741120837106348,0.006338665861756717,1.365026662642117,0.01365026662642117,0.01167119428513935,84,84,79,25,79,89,323098,37870,696.17534,不可得,不可得
