配对,种子,组别,物品流,终点箱数,整数下界
1,2257253183,A,1,2031,2012
1,2257253183,A,2,1997,1983
1,2257253183,A,3,1994,1978
1,2257253183,A,4,1998,1986
1,2257253183,A,5,1994,1980
1,2257253183,B,1,2029,2012
1,2257253183,B,2,1999,1983
1,2257253183,B,3,1998,1978
1,2257253183,B,4,2004,1986
1,2257253183,B,5,1989,1980
1,2257253183,C,1,2026,2012
1,2257253183,C,2,1996,1983
1,2257253183,C,3,1991,1978
1,2257253183,C,4,1996,1986
1,2257253183,C,5,1993,1980
2,783449680,A,1,2029,2012
2,783449680,A,2,1995,1983
2,783449680,A,3,1992,1978
2,783449680,A,4,2000,1986
2,783449680,A,5,1991,1980
2,783449680,B,1,2027,2012
2,783449680,B,2,1996,1983
2,783449680,B,3,2001,1978
2,783449680,B,4,2002,1986
2,783449680,B,5,1994,1980
2,783449680,C,1,2093,2012
2,783449680,C,2,2057,1983
2,783449680,C,3,2051,1978
2,783449680,C,4,2056,1986
2,783449680,C,5,2052,1980
3,1455563558,A,1,2035,2012
3,1455563558,A,2,2008,1983
3,1455563558,A,3,2012,1978
3,1455563558,A,4,2016,1986
3,1455563558,A,5,2001,1980
3,1455563558,B,1,2026,2012
3,1455563558,B,2,1996,1983
3,1455563558,B,3,1993,1978
3,1455563558,B,4,1998,1986
3,1455563558,B,5,2002,1980
3,1455563558,C,1,2025,2012
3,1455563558,C,2,1994,1983
3,1455563558,C,3,1990,1978
3,1455563558,C,4,1997,1986
3,1455563558,C,5,1994,1980
