配对,种子,组别,轮次,最优超额率,后三轮累计目标
1,2257253183,A,1,0.035315424086930274,1.1612838313713654
1,2257253183,A,2,0.010363215615253043,1.1612838313713654
1,2257253183,A,3,0.009155850689204145,1.1612838313713654
1,2257253183,A,4,0.007546030787805615,1.1612838313713654
1,2257253183,B,1,0.035315424086930274,0.8853003320253547
1,2257253183,B,2,0.008451554482342288,0.8853003320253547
1,2257253183,B,3,0.008049099506992657,0.8853003320253547
1,2257253183,B,4,0.008049099506992657,0.8853003320253547
1,2257253183,C,1,0.035315424086930274,0.9668980782774927
1,2257253183,C,2,0.008149713250830064,0.9668980782774927
1,2257253183,C,3,0.006640507093268941,0.9668980782774927
1,2257253183,C,4,0.006338665861756717,0.9668980782774927
2,783449680,A,1,0.03813260891437771,1.5537780460810948
2,783449680,A,2,0.03249823925948285,1.5537780460810948
2,783449680,A,3,0.007042962068618573,1.5537780460810948
2,783449680,A,4,0.006841734580943758,1.5537780460810948
2,783449680,B,1,0.03813260891437771,2.2483147197907236
2,783449680,B,2,0.03380621792936915,2.2483147197907236
2,783449680,B,3,0.03380621792936915,2.2483147197907236
2,783449680,B,4,0.008149713250830064,2.2483147197907236
2,783449680,C,1,0.03813260891437771,2.822919810846162
2,783449680,C,2,0.0380319951705403,2.822919810846162
2,783449680,C,3,0.037227085219841034,2.822919810846162
2,783449680,C,4,0.037227085219841034,2.822919810846162
3,1455563558,A,1,0.02233625113190462,1.304658416339672
3,1455563558,A,2,0.01831170137840829,1.304658416339672
3,1455563558,A,3,0.013381627930375289,1.304658416339672
3,1455563558,A,4,0.013381627930375289,1.304658416339672
3,1455563558,B,1,0.02233625113190462,1.0536271254653387
3,1455563558,B,2,0.02122949994969313,1.0536271254653387
3,1455563558,B,3,0.008049099506992655,1.0536271254653387
3,1455563558,B,4,0.007646644531643022,1.0536271254653387
3,1455563558,C,1,0.02233625113190462,0.75349632759835
3,1455563558,C,2,0.00996076063990341,0.75349632759835
3,1455563558,C,3,0.006640507093268941,0.75349632759835
3,1455563558,C,4,0.006137438374081899,0.75349632759835
