配对编号,搜索种子,组别,实例编号,使用箱数,体积下界,超额箱数,单实例相对超额率,按平均下界归一化超额
S1,1836735484,A,1,2030,2012,18,0.008946322067594433,0.009055236945366738
S1,1836735484,A,2,1995,1983,12,0.006051437216338881,0.006036824630244492
S1,1836735484,A,3,1990,1978,12,0.006066734074823054,0.006036824630244492
S1,1836735484,A,4,1999,1986,13,0.006545820745216516,0.006539893349431532
S1,1836735484,A,5,1993,1980,13,0.0065656565656565654,0.006539893349431532
S1,1836735484,B,1,2094,2012,82,0.040755467196819085,0.04125163497333736
S1,1836735484,B,2,2055,1983,72,0.036308623298033284,0.03622094778146695
S1,1836735484,B,3,2052,1978,74,0.03741152679474216,0.037227085219841034
S1,1836735484,B,4,2055,1986,69,0.03474320241691843,0.03471174162390583
S1,1836735484,B,5,2051,1980,71,0.03585858585858586,0.03571787906227991
S1,1836735484,C,1,2025,2012,13,0.0064612326043737576,0.006539893349431532
S1,1836735484,C,2,2005,1983,22,0.011094301563287948,0.0110675118221149
S1,1836735484,C,3,2004,1978,26,0.01314459049544995,0.013079786698863064
S1,1836735484,C,4,2002,1986,16,0.008056394763343404,0.008049099506992655
S1,1836735484,C,5,1998,1980,18,0.00909090909090909,0.009055236945366738
S2,1706957291,A,1,2031,2012,19,0.009443339960238568,0.009558305664553778
S2,1706957291,A,2,2008,1983,25,0.012607160867372668,0.012576717979676024
S2,1706957291,A,3,2014,1978,36,0.01820020222446916,0.018110473890733475
S2,1706957291,A,4,2018,1986,32,0.016112789526686808,0.01609819901398531
S2,1706957291,A,5,2004,1980,24,0.012121212121212121,0.012073649260488983
S2,1706957291,B,1,2066,2012,54,0.0268389662027833,0.027165710836100213
S2,1706957291,B,2,2034,1983,51,0.025718608169440244,0.02565650467853909
S2,1706957291,B,3,2031,1978,53,0.02679474216380182,0.02666264211691317
S2,1706957291,B,4,2037,1986,51,0.0256797583081571,0.02565650467853909
S2,1706957291,B,5,2030,1980,50,0.025252525252525252,0.025153435959352047
S2,1706957291,C,1,2027,2012,15,0.007455268389662028,0.007546030787805615
S2,1706957291,C,2,1994,1983,11,0.005547150781643974,0.00553375591105745
S2,1706957291,C,3,1991,1978,13,0.006572295247724975,0.006539893349431532
S2,1706957291,C,4,1993,1986,7,0.003524672708962739,0.0035214810343092867
S2,1706957291,C,5,1996,1980,16,0.00808080808080808,0.008049099506992655
S3,3122620597,A,1,2082,2012,70,0.03479125248508946,0.035214810343092866
S3,3122620597,A,2,2046,1983,63,0.03177004538577912,0.03169332930878358
S3,3122620597,A,3,2046,1978,68,0.034378159757330634,0.03420867290471879
S3,3122620597,A,4,2050,1986,64,0.032225579053373615,0.03219639802797062
S3,3122620597,A,5,2050,1980,70,0.03535353535353535,0.035214810343092866
S3,3122620597,B,1,2072,2012,60,0.02982107355864811,0.03018412315122246
S3,3122620597,B,2,2041,1983,58,0.02924861321230459,0.029177985712848374
S3,3122620597,B,3,2044,1978,66,0.033367037411526794,0.033202535466344704
S3,3122620597,B,4,2044,1986,58,0.02920443101711984,0.029177985712848374
S3,3122620597,B,5,2040,1980,60,0.030303030303030304,0.03018412315122246
S3,3122620597,C,1,2026,2012,14,0.006958250497017893,0.007042962068618573
S3,3122620597,C,2,1993,1983,10,0.005042864346949067,0.00503068719187041
S3,3122620597,C,3,1993,1978,15,0.007583417593528817,0.007546030787805615
S3,3122620597,C,4,1999,1986,13,0.006545820745216516,0.006539893349431532
S3,3122620597,C,5,1991,1980,11,0.005555555555555556,0.00553375591105745
