问题,代数,当代最优目标值
旅行商问题,0,6.98316
旅行商问题,1,6.34985
旅行商问题,2,6.10999
旅行商问题,3,6.10999
旅行商问题,4,6.0047
旅行商问题,5,6.0047
旅行商问题,6,6.0047
旅行商问题,7,6.0047
旅行商问题,8,6.00393
容量约束车辆路径问题,0,13.28321
容量约束车辆路径问题,1,12.80153
容量约束车辆路径问题,2,12.70876
容量约束车辆路径问题,3,12.70876
容量约束车辆路径问题,4,12.70876
容量约束车辆路径问题,5,12.70876
容量约束车辆路径问题,6,12.70876
容量约束车辆路径问题,7,12.70876
容量约束车辆路径问题,8,12.677
容量约束车辆路径问题,9,12.60974
容量约束车辆路径问题,10,12.60974
容量约束车辆路径问题,11,12.60974
容量约束车辆路径问题,12,12.4651
容量约束车辆路径问题,13,12.4651
容量约束车辆路径问题,14,12.4651
容量约束车辆路径问题,15,12.4651
容量约束车辆路径问题,16,12.35639
在线装箱问题,0,0.02324
在线装箱问题,1,0.02324
在线装箱问题,2,0.02324
在线装箱问题,3,0.02324
在线装箱问题,4,0.02324
在线装箱问题,5,0.02324
在线装箱问题,6,0.02324
在线装箱问题,7,0.02324
在线装箱问题,8,0.00674
