问题,岛类别,岛编号,重复序号,计划代数,已完成代数,结果状态,终点目标值,相对历史参考改善百分比,初始最优值,首次达到终点最优值的代数
在线装箱问题,16代岛,1,1,16,16,有效结果,0.03984,-0.10050251256280997,0.03984,0
在线装箱问题,16代岛,1,2,16,16,有效结果,0.02767,30.477386934673365,0.03723,10
在线装箱问题,16代岛,1,3,16,16,有效结果,0.02324,41.608040201005025,0.03984,8
在线装箱问题,16代岛,1,4,16,16,有效结果,0.02475,37.814070351758794,0.04457,7
在线装箱问题,16代岛,1,5,16,16,有效结果,0.03934,1.155778894472367,0.03984,12
容量约束车辆路径问题,16代岛,1,1,16,16,有效结果,12.75826,5.627191360307716,13.11356,14
容量约束车辆路径问题,16代岛,1,2,16,16,有效结果,12.75837,5.626377690657598,12.86269,14
容量约束车辆路径问题,16代岛,1,3,16,16,有效结果,12.75698,5.6366595162364055,12.86269,14
容量约束车辆路径问题,16代岛,1,4,16,16,有效结果,12.91589,4.461202751682824,13.28321,9
容量约束车辆路径问题,16代岛,1,5,16,16,有效结果,12.7904,5.389451882535692,12.86269,8
容量约束车辆路径问题,16代岛,1,6,16,16,有效结果,12.83238,5.078925956061835,13.28321,2
容量约束车辆路径问题,16代岛,1,7,16,16,有效结果,12.35639,8.599822472076342,13.28321,16
旅行商问题,16代岛,1,1,16,16,有效结果,6.14748,6.288414634146339,6.27967,7
旅行商问题,16代岛,1,2,16,16,有效结果,6.29829,3.9894817073170716,6.59343,3
旅行商问题,16代岛,1,3,16,16,有效结果,6.14618,6.308231707317065,6.69381,11
旅行商问题,16代岛,1,4,16,16,有效结果,6.20731,5.376371951219511,6.53576,15
旅行商问题,16代岛,1,5,16,16,有效结果,6.20173,5.461432926829256,6.71697,14
旅行商问题,16代岛,1,6,16,16,有效结果,6.30341,3.9114329268292565,7.04335,6
在线装箱问题,16代岛,2,1,16,16,有效结果,0.01036,73.96984924623115,0.01036,0
在线装箱问题,16代岛,2,10,16,16,有效结果,0.03713,6.708542713567836,0.03984,8
在线装箱问题,16代岛,2,2,16,16,有效结果,0.0167,58.040201005025125,0.03984,14
在线装箱问题,16代岛,2,3,16,16,有效结果,0.03532,11.256281407035187,0.03964,15
在线装箱问题,16代岛,2,4,16,16,有效结果,0.01308,67.1356783919598,0.03984,14
在线装箱问题,16代岛,2,5,16,16,有效结果,0.03833,3.6934673366834145,0.59644,14
在线装箱问题,16代岛,2,6,16,16,有效结果,0.03049,23.391959798994982,0.03984,6
在线装箱问题,16代岛,2,7,16,16,有效结果,0.0328,17.58793969849246,0.03984,13
在线装箱问题,16代岛,2,8,16,16,有效结果,0.00694,82.56281407035175,0.01248,6
在线装箱问题,16代岛,2,9,16,16,有效结果,0.0321,19.346733668341724,0.03984,12
容量约束车辆路径问题,16代岛,2,1,16,16,有效结果,12.55797,7.10873585324359,13.28321,16
容量约束车辆路径问题,16代岛,2,2,16,16,有效结果,12.64748,6.446630667948815,12.86269,16
容量约束车辆路径问题,16代岛,2,3,16,16,有效结果,13.01302,3.7427324506250534,13.28321,15
容量约束车辆路径问题,16代岛,2,4,16,16,有效结果,12.64234,6.484651231599966,13.28321,3
容量约束车辆路径问题,16代岛,2,5,16,16,有效结果,13.23735,2.08336415415342,13.61078,6
容量约束车辆路径问题,16代岛,2,6,16,16,有效结果,12.80609,5.273393002441015,13.24712,8
容量约束车辆路径问题,16代岛,2,7,16,16,有效结果,12.67527,6.2410681263407115,13.28321,11
旅行商问题,16代岛,2,1,16,16,有效结果,6.34985,3.20350609756097,6.50414,8
旅行商问题,16代岛,2,2,16,16,有效结果,6.40504,2.3621951219512196,7.022,14
旅行商问题,16代岛,2,3,16,16,有效结果,6.13437,6.488262195121951,6.58188,16
旅行商问题,16代岛,2,4,16,16,有效结果,6.19744,5.526829268292673,6.99144,14
旅行商问题,16代岛,2,5,16,16,有效结果,6.30341,3.9114329268292565,6.63459,2
旅行商问题,16代岛,2,6,16,16,有效结果,6.30341,3.9114329268292565,6.671,11
在线装箱问题,16代岛,3,1,16,16,有效结果,0.02485,37.56281407035176,0.03894,9
在线装箱问题,16代岛,3,2,16,16,有效结果,0.01489,62.58793969849246,0.03984,14
在线装箱问题,16代岛,3,3,16,16,有效结果,0.03572,10.251256281407036,0.03964,12
在线装箱问题,16代岛,3,4,16,16,有效结果,0.01036,73.96984924623115,0.03984,12
在线装箱问题,16代岛,3,5,16,16,有效结果,0.03934,1.155778894472367,0.04759,2
容量约束车辆路径问题,16代岛,3,1,16,16,有效结果,12.86269,4.854722982469113,13.20222,16
容量约束车辆路径问题,16代岛,3,10,16,16,有效结果,12.70723,6.004660107996162,13.03297,11
容量约束车辆路径问题,16代岛,3,2,16,16,有效结果,12.73743,5.781270804053557,13.03297,3
容量约束车辆路径问题,16代岛,3,3,16,16,有效结果,13.1333,2.85302167320068,13.56371,12
容量约束车辆路径问题,16代岛,3,4,16,16,有效结果,12.99371,3.8855684592055626,13.28321,12
容量约束车辆路径问题,16代岛,3,5,16,16,有效结果,12.72575,5.867667726902881,13.28321,16
容量约束车辆路径问题,16代岛,3,6,16,16,有效结果,12.88037,4.7239440787040525,13.28321,12
容量约束车辆路径问题,16代岛,3,7,16,16,有效结果,13.31733,1.4917523485464903,13.56371,11
容量约束车辆路径问题,16代岛,3,8,16,16,有效结果,12.71318,5.960647976921375,12.71318,0
容量约束车辆路径问题,16代岛,3,9,16,16,有效结果,12.83967,5.025001849249207,13.28321,9
旅行商问题,16代岛,3,1,16,16,有效结果,6.10999,6.859908536585363,6.5246,9
旅行商问题,16代岛,3,10,16,16,有效结果,6.16321,6.048628048780477,6.16321,0
旅行商问题,16代岛,3,2,16,16,有效结果,6.11049,6.852286585365842,6.15265,15
旅行商问题,16代岛,3,3,16,16,有效结果,6.12871,6.574542682926826,6.91087,6
旅行商问题,16代岛,3,4,16,16,有效结果,6.1705,5.9375,6.18902,2
旅行商问题,16代岛,3,5,16,16,有效结果,6.20027,5.483689024390242,6.40106,16
旅行商问题,16代岛,3,6,16,16,有效结果,6.20621,5.39314024390244,6.3764,4
旅行商问题,16代岛,3,7,16,16,有效结果,6.08926,7.175914634146331,6.21559,1
旅行商问题,16代岛,3,8,16,16,有效结果,6.10496,6.936585365853651,6.10636,14
旅行商问题,16代岛,3,9,16,16,有效结果,6.08075,7.305640243902433,6.08075,0
在线装箱问题,8代岛,1,1,8,8,有效结果,0.0171,57.03517587939698,0.03984,5
在线装箱问题,8代岛,1,10,8,8,有效结果,0.03954,0.6532663316582997,0.03964,8
在线装箱问题,8代岛,1,11,8,8,有效结果,0.03079,22.63819095477387,0.03843,2
在线装箱问题,8代岛,1,12,8,8,有效结果,0.01016,74.47236180904522,0.05866,4
在线装箱问题,8代岛,1,13,8,8,有效结果,0.03763,5.452261306532677,0.03984,1
在线装箱问题,8代岛,1,14,8,8,有效结果,0.03813,4.195979899497499,0.31915,6
在线装箱问题,8代岛,1,15,8,8,有效结果,0.03532,11.256281407035187,0.03984,6
在线装箱问题,8代岛,1,16,8,8,有效结果,0.03763,5.452261306532677,0.03984,8
在线装箱问题,8代岛,1,17,8,8,有效结果,0.01238,68.89447236180904,0.03884,7
在线装箱问题,8代岛,1,18,8,8,有效结果,0.016,59.798994974874375,0.03984,2
在线装箱问题,8代岛,1,19,8,,未形成有效初始种群,,,,
在线装箱问题,8代岛,1,2,8,8,有效结果,0.01238,68.89447236180904,0.03703,8
在线装箱问题,8代岛,1,20,8,8,有效结果,0.03813,4.195979899497499,0.03994,4
在线装箱问题,8代岛,1,21,8,8,有效结果,0.00895,77.51256281407036,0.03964,6
在线装箱问题,8代岛,1,22,8,8,有效结果,0.03763,5.452261306532677,0.03984,3
在线装箱问题,8代岛,1,23,8,,未形成有效初始种群,,,,
在线装箱问题,8代岛,1,24,8,8,有效结果,0.02817,29.221105527638194,0.03984,3
在线装箱问题,8代岛,1,25,8,8,有效结果,0.03944,0.9045226130653246,0.03984,7
在线装箱问题,8代岛,1,26,8,8,有效结果,0.03813,4.195979899497499,0.03984,8
在线装箱问题,8代岛,1,27,8,8,有效结果,0.00674,83.06532663316582,0.02324,8
在线装箱问题,8代岛,1,28,8,,未形成有效初始种群,,,,
在线装箱问题,8代岛,1,29,8,8,有效结果,0.01328,66.63316582914572,0.03984,5
在线装箱问题,8代岛,1,3,8,8,有效结果,0.01056,73.46733668341709,0.01056,0
在线装箱问题,8代岛,1,30,8,8,有效结果,0.03803,4.447236180904524,0.04095,1
在线装箱问题,8代岛,1,4,8,8,有效结果,0.03833,3.6934673366834145,0.03984,3
在线装箱问题,8代岛,1,5,8,8,有效结果,0.00845,78.76884422110552,0.03874,4
在线装箱问题,8代岛,1,6,8,8,有效结果,0.03783,4.949748743718591,0.03984,8
在线装箱问题,8代岛,1,7,8,8,有效结果,0.03179,20.125628140703526,0.03179,0
在线装箱问题,8代岛,1,8,8,8,有效结果,0.03763,5.452261306532677,0.03984,8
在线装箱问题,8代岛,1,9,8,8,有效结果,0.03974,0.1507537688442324,0.03984,8
容量约束车辆路径问题,8代岛,1,1,8,8,有效结果,12.73743,5.781270804053557,13.28321,7
容量约束车辆路径问题,8代岛,1,10,8,8,有效结果,12.74078,5.756490864708922,13.19814,2
容量约束车辆路径问题,8代岛,1,11,8,8,有效结果,12.54458,7.207781640653897,13.17555,7
容量约束车辆路径问题,8代岛,1,12,8,8,有效结果,12.87808,4.74088320142022,12.87913,3
容量约束车辆路径问题,8代岛,1,13,8,8,有效结果,12.71318,5.960647976921375,13.28321,4
容量约束车辆路径问题,8代岛,1,14,8,8,有效结果,12.75847,5.625637990975658,12.83991,7
容量约束车辆路径问题,8代岛,1,15,8,8,有效结果,12.77346,5.514757008654486,12.86269,4
容量约束车辆路径问题,8代岛,1,16,8,8,有效结果,12.75114,5.679857977661074,13.28321,5
容量约束车辆路径问题,8代岛,1,17,8,8,有效结果,13.03297,3.59516236408018,13.28321,5
容量约束车辆路径问题,8代岛,1,18,8,8,有效结果,12.61163,6.71181300392041,12.86269,8
容量约束车辆路径问题,8代岛,1,19,8,8,有效结果,12.85665,4.899400843257637,13.28321,2
容量约束车辆路径问题,8代岛,1,2,8,8,有效结果,12.60061,6.793327908869003,13.28321,7
容量约束车辆路径问题,8代岛,1,20,8,8,有效结果,13.23646,2.08994748132259,13.27381,5
容量约束车辆路径问题,8代岛,1,21,8,8,有效结果,13.23646,2.08994748132259,13.56371,6
容量约束车辆路径问题,8代岛,1,22,8,8,有效结果,12.88037,4.7239440787040525,13.28321,8
容量约束车辆路径问题,8代岛,1,23,8,8,有效结果,12.71318,5.960647976921375,13.28321,2
容量约束车辆路径问题,8代岛,1,24,8,8,有效结果,12.80525,5.279606479769221,12.86269,8
容量约束车辆路径问题,8代岛,1,25,8,8,有效结果,12.86269,4.854722982469113,12.86269,0
容量约束车辆路径问题,8代岛,1,26,8,8,有效结果,12.79184,5.378800207115908,13.03297,5
容量约束车辆路径问题,8代岛,1,27,8,8,有效结果,12.9665,4.086840742658482,13.03778,5
容量约束车辆路径问题,8代岛,1,28,8,8,有效结果,13.28515,1.7297877061912887,13.56371,5
容量约束车辆路径问题,8代岛,1,29,8,8,有效结果,12.6504,6.425031437236487,12.92808,8
容量约束车辆路径问题,8代岛,1,3,8,8,有效结果,12.85319,4.924994452252389,13.0558,8
容量约束车辆路径问题,8代岛,1,30,8,8,有效结果,12.85319,4.924994452252389,13.28106,4
容量约束车辆路径问题,8代岛,1,31,8,8,有效结果,12.68624,6.159923071233083,12.86269,8
容量约束车辆路径问题,8代岛,1,32,8,8,有效结果,12.80898,5.2520156816332575,13.02146,5
容量约束车辆路径问题,8代岛,1,33,8,8,有效结果,13.01371,3.7376285228197386,13.16073,5
容量约束车辆路径问题,8代岛,1,34,8,8,有效结果,12.75535,5.648716621051854,13.17555,8
容量约束车辆路径问题,8代岛,1,35,8,8,有效结果,12.61,6.723870108735857,12.86269,3
容量约束车辆路径问题,8代岛,1,36,8,8,有效结果,12.78951,5.396035209704861,12.97506,7
容量约束车辆路径问题,8代岛,1,37,8,8,有效结果,12.67585,6.236777868185515,12.86269,7
容量约束车辆路径问题,8代岛,1,38,8,8,有效结果,12.9622,4.11864782898144,13.08244,2
容量约束车辆路径问题,8代岛,1,39,8,8,有效结果,12.88497,4.689917893335313,13.28321,2
容量约束车辆路径问题,8代岛,1,4,8,8,有效结果,12.85885,4.883127450255195,12.86269,3
容量约束车辆路径问题,8代岛,1,40,8,8,有效结果,12.85319,4.924994452252389,13.07265,7
容量约束车辆路径问题,8代岛,1,41,8,8,有效结果,12.73221,5.819883127450254,13.03297,4
容量约束车辆路径问题,8代岛,1,42,8,8,有效结果,12.99073,3.9076115097270576,13.28321,7
容量约束车辆路径问题,8代岛,1,5,8,8,有效结果,12.85319,4.924994452252389,13.03297,2
容量约束车辆路径问题,8代岛,1,6,8,8,有效结果,13.23646,2.08994748132259,13.61078,7
容量约束车辆路径问题,8代岛,1,7,8,8,有效结果,12.83662,5.047562689548045,13.28321,6
容量约束车辆路径问题,8代岛,1,8,8,8,有效结果,12.86269,4.854722982469113,12.86269,0
容量约束车辆路径问题,8代岛,1,9,8,8,有效结果,13.23646,2.08994748132259,13.61078,8
旅行商问题,8代岛,1,1,8,8,有效结果,6.34985,3.20350609756097,6.5198,2
旅行商问题,8代岛,1,10,8,8,有效结果,6.30341,3.9114329268292565,7.27931,7
旅行商问题,8代岛,1,11,8,8,有效结果,6.20115,5.470274390243895,6.91907,1
旅行商问题,8代岛,1,12,8,8,有效结果,6.18573,5.705335365853647,6.23304,4
旅行商问题,8代岛,1,13,8,8,有效结果,6.30341,3.9114329268292565,6.45183,6
旅行商问题,8代岛,1,14,8,8,有效结果,6.20621,5.39314024390244,6.23281,2
旅行商问题,8代岛,1,15,8,8,有效结果,6.25844,4.596951219512186,8.03903,7
旅行商问题,8代岛,1,16,8,8,有效结果,6.16069,6.087042682926827,6.60788,2
旅行商问题,8代岛,1,17,8,8,有效结果,6.3195,3.6661585365853653,7.69136,8
旅行商问题,8代岛,1,18,8,8,有效结果,6.19714,5.531402439024383,6.68739,7
旅行商问题,8代岛,1,19,8,8,有效结果,6.34985,3.20350609756097,6.54704,4
旅行商问题,8代岛,1,2,8,8,有效结果,6.13382,6.496646341463408,6.58228,1
旅行商问题,8代岛,1,20,8,8,有效结果,6.38806,2.6210365853658435,6.38806,0
旅行商问题,8代岛,1,21,8,8,有效结果,6.07962,7.322865853658528,6.49921,2
旅行商问题,8代岛,1,22,8,8,有效结果,6.24297,4.832774390243902,6.24297,0
旅行商问题,8代岛,1,23,8,8,有效结果,6.37272,2.8548780487804795,6.60788,8
旅行商问题,8代岛,1,24,8,8,有效结果,6.42507,2.0568597560975577,6.58955,4
旅行商问题,8代岛,1,25,8,8,有效结果,6.48148,1.1969512195121839,6.59511,5
旅行商问题,8代岛,1,26,8,8,有效结果,6.22,5.182926829268291,6.46359,1
旅行商问题,8代岛,1,27,8,8,有效结果,6.18902,5.6551829268292595,6.4651,1
旅行商问题,8代岛,1,28,8,8,有效结果,6.10923,6.871493902439016,6.52889,4
旅行商问题,8代岛,1,29,8,8,有效结果,6.20872,5.354878048780488,6.20872,0
旅行商问题,8代岛,1,3,8,8,有效结果,6.35245,3.163871951219504,6.35245,0
旅行商问题,8代岛,1,30,8,8,有效结果,6.21423,5.270884146341462,6.6616,1
旅行商问题,8代岛,1,31,8,8,有效结果,6.44987,1.6788109756097538,6.61629,7
旅行商问题,8代岛,1,32,8,8,有效结果,6.28178,4.241158536585354,6.72543,5
旅行商问题,8代岛,1,33,8,8,有效结果,6.26268,4.5323170731707325,6.26268,0
旅行商问题,8代岛,1,34,8,8,有效结果,6.15242,6.213109756097552,6.15242,0
旅行商问题,8代岛,1,4,8,8,有效结果,6.08375,7.259908536585358,7.2042,4
旅行商问题,8代岛,1,5,8,8,有效结果,6.15292,6.205487804878045,6.49193,2
旅行商问题,8代岛,1,6,8,8,有效结果,6.30382,3.905182926829263,6.84393,8
旅行商问题,8代岛,1,7,8,8,有效结果,6.18904,5.6548780487804775,6.59121,2
旅行商问题,8代岛,1,8,8,8,有效结果,6.30466,3.8923780487804795,6.32054,3
旅行商问题,8代岛,1,9,8,8,有效结果,6.26132,4.553048780487792,6.41035,5
在线装箱问题,8代岛,2,1,8,8,有效结果,0.03964,0.4020100502512573,0.03984,1
在线装箱问题,8代岛,2,10,8,,未形成有效初始种群,,,,
在线装箱问题,8代岛,2,11,8,8,有效结果,0.03984,-0.10050251256280997,0.03984,0
在线装箱问题,8代岛,2,12,8,8,有效结果,0.01067,73.19095477386935,0.03984,1
在线装箱问题,8代岛,2,13,8,8,有效结果,0.03944,0.9045226130653246,0.03964,6
在线装箱问题,8代岛,2,14,8,8,有效结果,0.03109,21.88442211055277,0.03934,2
在线装箱问题,8代岛,2,15,8,8,有效结果,0.01791,55.00000000000001,0.03924,2
在线装箱问题,8代岛,2,16,8,8,有效结果,0.02183,45.150753768844226,0.03984,8
在线装箱问题,8代岛,2,17,8,8,有效结果,0.02636,33.768844221105525,0.03984,8
在线装箱问题,8代岛,2,18,8,8,有效结果,0.03934,1.155778894472367,0.03984,8
在线装箱问题,8代岛,2,19,8,,未形成有效初始种群,,,,
在线装箱问题,8代岛,2,2,8,8,有效结果,0.03984,-0.10050251256280997,0.03984,0
在线装箱问题,8代岛,2,20,8,8,有效结果,0.03803,4.447236180904524,0.03984,6
在线装箱问题,8代岛,2,21,8,8,有效结果,0.03954,0.6532663316582997,0.03954,0
在线装箱问题,8代岛,2,22,8,,未形成有效初始种群,,,,
在线装箱问题,8代岛,2,23,8,8,有效结果,0.03713,6.708542713567836,0.03713,0
在线装箱问题,8代岛,2,24,8,,未形成有效初始种群,,,,
在线装箱问题,8代岛,2,25,8,8,有效结果,0.02304,42.1105527638191,0.03984,6
在线装箱问题,8代岛,2,26,8,8,有效结果,0.03854,3.1658291457286536,0.148,6
在线装箱问题,8代岛,2,27,8,8,有效结果,0.02123,46.65829145728644,0.03984,5
在线装箱问题,8代岛,2,28,8,8,有效结果,0.03984,-0.10050251256280997,0.04668,4
在线装箱问题,8代岛,2,29,8,,未形成有效初始种群,,,,
在线装箱问题,8代岛,2,3,8,8,有效结果,0.0168,57.788944723618094,0.03984,7
在线装箱问题,8代岛,2,30,8,8,有效结果,0.03894,2.1608040201005014,1.51534,8
在线装箱问题,8代岛,2,31,8,8,有效结果,0.03763,5.452261306532677,0.03984,3
在线装箱问题,8代岛,2,32,8,8,有效结果,0.02385,40.07537688442211,0.04789,2
在线装箱问题,8代岛,2,33,8,8,有效结果,0.02666,33.015075376884425,0.02666,0
在线装箱问题,8代岛,2,34,8,8,有效结果,0.03984,-0.10050251256280997,0.03984,0
在线装箱问题,8代岛,2,35,8,8,有效结果,0.0329,17.336683417085435,0.03984,2
在线装箱问题,8代岛,2,36,8,8,有效结果,0.03874,2.6633165829145864,0.03984,8
在线装箱问题,8代岛,2,37,8,8,有效结果,0.01217,69.42211055276383,0.03984,3
在线装箱问题,8代岛,2,38,8,8,有效结果,0.03984,-0.10050251256280997,0.03984,0
在线装箱问题,8代岛,2,39,8,,未形成有效初始种群,,,,
在线装箱问题,8代岛,2,4,8,8,有效结果,0.01972,50.45226130653266,0.01972,0
在线装箱问题,8代岛,2,40,8,8,有效结果,0.03693,7.211055276381921,0.89597,3
在线装箱问题,8代岛,2,41,8,8,有效结果,0.03713,6.708542713567836,0.03964,7
在线装箱问题,8代岛,2,42,8,8,有效结果,0.03984,-0.10050251256280997,0.04397,3
在线装箱问题,8代岛,2,5,8,8,有效结果,0.02455,38.31658291457287,0.02898,6
在线装箱问题,8代岛,2,6,8,8,有效结果,0.03813,4.195979899497499,0.03984,4
在线装箱问题,8代岛,2,7,8,,未形成有效初始种群,,,,
在线装箱问题,8代岛,2,8,8,8,有效结果,0.03984,-0.10050251256280997,0.03984,0
在线装箱问题,8代岛,2,9,8,8,有效结果,0.03763,5.452261306532677,0.03984,4
容量约束车辆路径问题,8代岛,2,1,8,8,有效结果,12.80666,5.269176714254007,13.08244,5
容量约束车辆路径问题,8代岛,2,10,8,8,有效结果,12.74221,5.745913159257341,13.03297,4
容量约束车辆路径问题,8代岛,2,11,8,8,有效结果,12.74437,5.729935646127673,12.86269,3
容量约束车辆路径问题,8代岛,2,12,8,8,有效结果,12.86269,4.854722982469113,12.87913,1
容量约束车辆路径问题,8代岛,2,13,8,8,有效结果,12.72575,5.867667726902881,13.18301,8
容量约束车辆路径问题,8代岛,2,14,8,8,有效结果,13.15609,2.684444115689026,13.28321,4
容量约束车辆路径问题,8代岛,2,15,8,8,有效结果,12.77736,5.4859087210592525,13.28321,8
容量约束车辆路径问题,8代岛,2,16,8,8,有效结果,12.78619,5.420593239144912,13.28321,7
容量约束车辆路径问题,8代岛,2,17,8,8,有效结果,12.98775,3.929654560248539,13.28321,7
容量约束车辆路径问题,8代岛,2,18,8,8,有效结果,13.03297,3.59516236408018,13.28321,2
容量约束车辆路径问题,8代岛,2,19,8,8,有效结果,12.86269,4.854722982469113,12.86269,0
容量约束车辆路径问题,8代岛,2,2,8,8,有效结果,13.23646,2.08994748132259,13.56371,4
容量约束车辆路径问题,8代岛,2,20,8,8,有效结果,12.70923,5.989866114357573,12.86269,7
容量约束车辆路径问题,8代岛,2,21,8,8,有效结果,13.23646,2.08994748132259,13.61078,4
容量约束车辆路径问题,8代岛,2,22,8,8,有效结果,12.63465,6.541534137140317,12.86502,5
容量约束车辆路径问题,8代岛,2,23,8,8,有效结果,12.82542,5.1304090539241125,13.11237,3
容量约束车辆路径问题,8代岛,2,24,8,8,有效结果,13.03297,3.59516236408018,13.28321,8
容量约束车辆路径问题,8代岛,2,25,8,8,有效结果,13.061,3.387824543235448,13.26727,7
容量约束车辆路径问题,8代岛,2,26,8,8,有效结果,13.03642,3.5696427250536313,13.27035,8
容量约束车辆路径问题,8代岛,2,27,8,8,有效结果,12.74501,5.725201568163322,12.86269,7
容量约束车辆路径问题,8代岛,2,28,8,8,有效结果,12.74228,5.745395369479998,13.08829,5
容量约束车辆路径问题,8代岛,2,29,8,8,有效结果,12.9381,4.2969154523263535,12.9381,0
容量约束车辆路径问题,8代岛,2,3,8,8,有效结果,12.81494,5.207929580590281,13.28321,8
容量约束车辆路径问题,8代岛,2,30,8,8,有效结果,12.5679,7.035283674828022,13.03605,1
容量约束车辆路径问题,8代岛,2,31,8,8,有效结果,12.84782,4.9647163251719775,13.28321,7
容量约束车辆路径问题,8代岛,2,32,8,8,有效结果,12.4329,8.033878245432355,13.28321,4
容量约束车辆路径问题,8代岛,2,33,8,8,有效结果,12.60989,6.724683778385975,13.28321,8
容量约束车辆路径问题,8代岛,2,34,8,8,有效结果,12.80881,5.253273171092542,13.28321,7
容量约束车辆路径问题,8代岛,2,35,8,8,有效结果,12.90758,4.522671795251133,13.28321,6
容量约束车辆路径问题,8代岛,2,36,8,8,有效结果,12.73865,5.77224646793402,13.28321,5
容量约束车辆路径问题,8代岛,2,4,8,8,有效结果,12.5481,7.181744211849991,12.86269,3
容量约束车辆路径问题,8代岛,2,5,8,8,有效结果,12.82069,5.16539684887935,13.09132,5
容量约束车辆路径问题,8代岛,2,6,8,8,有效结果,12.98296,3.9650861750129436,13.61078,7
容量约束车辆路径问题,8代岛,2,7,8,8,有效结果,12.907,4.526962053406318,12.96176,3
容量约束车辆路径问题,8代岛,2,8,8,8,有效结果,12.71318,5.960647976921375,12.93749,8
容量约束车辆路径问题,8代岛,2,9,8,8,有效结果,12.86524,4.8358606405799245,13.28106,8
旅行商问题,8代岛,2,1,8,8,有效结果,6.58941,-0.4483231707317131,7.19415,6
旅行商问题,8代岛,2,10,8,8,有效结果,6.13566,6.46859756097561,6.23281,4
旅行商问题,8代岛,2,11,8,8,有效结果,6.23281,4.987652439024388,6.44821,7
旅行商问题,8代岛,2,12,8,8,有效结果,6.31369,3.754725609756088,6.60788,1
旅行商问题,8代岛,2,13,8,8,有效结果,6.34985,3.20350609756097,7.84739,3
旅行商问题,8代岛,2,14,8,8,有效结果,6.19188,5.6115853658536485,6.39559,5
旅行商问题,8代岛,2,15,8,8,有效结果,6.34985,3.20350609756097,6.60592,4
旅行商问题,8代岛,2,16,8,8,有效结果,6.07672,7.367073170731704,6.07672,0
旅行商问题,8代岛,2,17,8,8,有效结果,6.36101,3.0333841463414535,7.31099,5
旅行商问题,8代岛,2,18,8,8,有效结果,6.49155,1.0434451219512113,6.57195,5
旅行商问题,8代岛,2,19,8,8,有效结果,6.38099,2.7288109756097545,6.40405,5
旅行商问题,8代岛,2,2,8,8,有效结果,6.07672,7.367073170731704,6.07672,0
旅行商问题,8代岛,2,20,8,8,有效结果,6.36926,2.907621951219511,6.91663,4
旅行商问题,8代岛,2,21,8,8,有效结果,6.38526,2.6637195121951205,6.57514,5
旅行商问题,8代岛,2,22,8,8,有效结果,6.2001,5.486280487804874,6.36298,7
旅行商问题,8代岛,2,23,8,8,有效结果,6.30341,3.9114329268292565,6.39694,3
旅行商问题,8代岛,2,24,8,8,有效结果,6.47872,1.239024390243896,6.63882,7
旅行商问题,8代岛,2,25,8,8,有效结果,6.40012,2.43719512195121,6.49988,8
旅行商问题,8代岛,2,26,8,8,有效结果,6.5198,0.6128048780487739,6.5198,0
旅行商问题,8代岛,2,27,8,8,有效结果,6.2664,4.475609756097556,6.36298,7
旅行商问题,8代岛,2,28,8,8,有效结果,6.07672,7.367073170731704,6.07672,0
旅行商问题,8代岛,2,29,8,8,有效结果,6.31317,3.7626524390243787,7.60484,4
旅行商问题,8代岛,2,3,8,8,有效结果,6.30341,3.9114329268292565,7.04335,7
旅行商问题,8代岛,2,30,8,8,有效结果,6.14338,6.350914634146342,6.14338,0
旅行商问题,8代岛,2,31,8,8,有效结果,6.20325,5.43826219512195,6.38032,7
旅行商问题,8代岛,2,32,8,8,有效结果,6.13716,6.445731707317072,6.34735,8
旅行商问题,8代岛,2,33,8,8,有效结果,6.34985,3.20350609756097,6.68978,6
旅行商问题,8代岛,2,34,8,8,有效结果,6.31369,3.754725609756088,6.54958,1
旅行商问题,8代岛,2,35,8,8,有效结果,6.25702,4.618597560975607,6.83962,6
旅行商问题,8代岛,2,36,8,8,有效结果,6.20115,5.470274390243895,6.61506,8
旅行商问题,8代岛,2,37,8,8,有效结果,6.1186,6.728658536585363,6.18902,7
旅行商问题,8代岛,2,38,8,8,有效结果,6.16069,6.087042682926827,6.16069,0
旅行商问题,8代岛,2,39,8,8,有效结果,6.2971,4.007621951219501,6.64021,4
旅行商问题,8代岛,2,4,8,8,有效结果,6.34985,3.20350609756097,6.68892,7
旅行商问题,8代岛,2,5,8,8,有效结果,6.36961,2.9022865853658515,6.53431,6
旅行商问题,8代岛,2,6,8,8,有效结果,6.23173,5.004115853658535,6.27316,5
旅行商问题,8代岛,2,7,8,8,有效结果,6.28344,4.2158536585365844,6.63854,8
旅行商问题,8代岛,2,8,8,8,有效结果,6.1705,5.9375,6.32556,6
旅行商问题,8代岛,2,9,8,8,有效结果,6.18814,5.668597560975608,6.35161,5
在线装箱问题,8代岛,3,1,8,8,有效结果,0.03813,4.195979899497499,0.03984,6
在线装箱问题,8代岛,3,10,8,8,有效结果,0.00916,76.98492462311557,0.03823,6
在线装箱问题,8代岛,3,11,8,8,有效结果,0.03984,-0.10050251256280997,0.03984,0
在线装箱问题,8代岛,3,12,8,8,有效结果,0.03944,0.9045226130653246,0.03984,1
在线装箱问题,8代岛,3,13,8,8,有效结果,0.03803,4.447236180904524,0.03984,6
在线装箱问题,8代岛,3,14,8,8,有效结果,0.03984,-0.10050251256280997,0.03984,0
在线装箱问题,8代岛,3,15,8,8,有效结果,0.03693,7.211055276381921,0.03984,7
在线装箱问题,8代岛,3,16,8,8,有效结果,0.0159,60.050251256281406,0.0159,0
在线装箱问题,8代岛,3,17,8,8,有效结果,0.03823,3.944723618090457,0.03984,6
在线装箱问题,8代岛,3,18,8,8,有效结果,0.0327,17.8391959798995,0.03984,8
在线装箱问题,8代岛,3,19,8,8,有效结果,0.03119,21.633165829145735,0.03884,6
在线装箱问题,8代岛,3,2,8,8,有效结果,0.03924,1.4070351758794093,0.03984,7
在线装箱问题,8代岛,3,20,8,8,有效结果,0.03954,0.6532663316582997,0.03984,6
在线装箱问题,8代岛,3,21,8,8,有效结果,0.01429,64.09547738693468,0.03662,8
在线装箱问题,8代岛,3,22,8,8,有效结果,0.03682,7.487437185929657,0.03984,4
在线装箱问题,8代岛,3,23,8,8,有效结果,0.03984,-0.10050251256280997,0.03984,0
在线装箱问题,8代岛,3,24,8,8,有效结果,0.03884,2.4120603015075437,0.03984,5
在线装箱问题,8代岛,3,25,8,8,有效结果,0.03612,9.2462311557789,0.03984,8
在线装箱问题,8代岛,3,26,8,8,有效结果,0.03682,7.487437185929657,0.03682,0
在线装箱问题,8代岛,3,27,8,8,有效结果,0.01489,62.58793969849246,0.03984,5
在线装箱问题,8代岛,3,28,8,8,有效结果,0.01992,49.949748743718594,0.03984,2
在线装箱问题,8代岛,3,29,8,8,有效结果,0.00694,82.56281407035175,0.03984,2
在线装箱问题,8代岛,3,3,8,,未形成有效初始种群,,,,
在线装箱问题,8代岛,3,30,8,8,有效结果,0.02254,43.366834170854275,0.03984,8
在线装箱问题,8代岛,3,31,8,8,有效结果,0.03894,2.1608040201005014,0.03984,8
在线装箱问题,8代岛,3,32,8,8,有效结果,0.03864,2.9145728643216113,0.03984,5
在线装箱问题,8代岛,3,33,8,8,有效结果,0.03783,4.949748743718591,0.03984,8
在线装箱问题,8代岛,3,34,8,8,有效结果,0.03944,0.9045226130653246,0.03984,8
在线装箱问题,8代岛,3,35,8,8,有效结果,0.03139,21.13065326633166,0.03984,8
在线装箱问题,8代岛,3,36,8,,未形成有效初始种群,,,,
在线装箱问题,8代岛,3,37,8,8,有效结果,0.03934,1.155778894472367,0.03984,6
在线装箱问题,8代岛,3,38,8,8,有效结果,0.0156,60.80402010050252,0.03984,8
在线装箱问题,8代岛,3,39,8,8,有效结果,0.03803,4.447236180904524,0.03803,0
在线装箱问题,8代岛,3,4,8,8,有效结果,0.03964,0.4020100502512573,0.03964,0
在线装箱问题,8代岛,3,40,8,8,有效结果,0.03833,3.6934673366834145,0.03964,2
在线装箱问题,8代岛,3,41,8,,未形成有效初始种群,,,,
在线装箱问题,8代岛,3,42,8,8,有效结果,0.03984,-0.10050251256280997,0.03984,0
在线装箱问题,8代岛,3,5,8,8,有效结果,0.01942,51.206030150753776,0.01942,0
在线装箱问题,8代岛,3,6,8,8,有效结果,0.03662,7.989949748743724,0.03974,5
在线装箱问题,8代岛,3,7,8,8,有效结果,0.03542,11.005025125628144,0.03984,7
在线装箱问题,8代岛,3,8,8,8,有效结果,0.03622,8.994974874371858,0.03984,6
在线装箱问题,8代岛,3,9,8,8,有效结果,0.03934,1.155778894472367,0.03984,8
容量约束车辆路径问题,8代岛,3,1,8,8,有效结果,12.86524,4.8358606405799245,13.28321,5
容量约束车辆路径问题,8代岛,3,10,8,8,有效结果,13.47083,0.35631333678527044,13.61078,7
容量约束车辆路径问题,8代岛,3,11,8,8,有效结果,12.85885,4.883127450255195,13.12159,7
容量约束车辆路径问题,8代岛,3,12,8,8,有效结果,13.03297,3.59516236408018,13.22721,8
容量约束车辆路径问题,8代岛,3,13,8,8,有效结果,12.95013,4.207929580590283,13.28321,7
容量约束车辆路径问题,8代岛,3,14,8,8,有效结果,12.71318,5.960647976921375,12.90954,1
容量约束车辆路径问题,8代岛,3,15,8,8,有效结果,13.02907,3.6240106516754147,13.36091,2
容量约束车辆路径问题,8代岛,3,16,8,8,有效结果,12.99073,3.9076115097270576,13.28321,6
容量约束车辆路径问题,8代岛,3,17,8,8,有效结果,12.94922,4.214660847695834,13.28321,3
容量约束车辆路径问题,8代岛,3,18,8,8,有效结果,12.97827,3.9997780900954205,13.28321,8
容量约束车辆路径问题,8代岛,3,19,8,8,有效结果,12.56012,7.092832310082112,13.28321,1
容量约束车辆路径问题,8代岛,3,2,8,8,有效结果,12.85885,4.883127450255195,12.86269,6
容量约束车辆路径问题,8代岛,3,20,8,8,有效结果,12.71318,5.960647976921375,13.27381,7
容量约束车辆路径问题,8代岛,3,21,8,8,有效结果,12.71318,5.960647976921375,13.28321,5
容量约束车辆路径问题,8代岛,3,22,8,8,有效结果,12.85885,4.883127450255195,12.86269,6
容量约束车辆路径问题,8代岛,3,23,8,8,有效结果,13.23646,2.08994748132259,13.61078,7
容量约束车辆路径问题,8代岛,3,24,8,8,有效结果,12.96176,4.121902507581923,13.28321,7
容量约束车辆路径问题,8代岛,3,25,8,8,有效结果,12.86269,4.854722982469113,12.86269,0
容量约束车辆路径问题,8代岛,3,26,8,8,有效结果,12.82803,5.111102892225757,13.28321,3
容量约束车辆路径问题,8代岛,3,27,8,8,有效结果,12.90604,4.534063170352831,13.28321,6
容量约束车辆路径问题,8代岛,3,28,8,8,有效结果,12.86685,4.82395147570087,13.28106,8
容量约束车辆路径问题,8代岛,3,29,8,8,有效结果,12.96671,4.085287373326424,13.28321,3
容量约束车辆路径问题,8代岛,3,3,8,8,有效结果,12.79358,5.365929432650342,13.28321,2
容量约束车辆路径问题,8代岛,3,30,8,8,有效结果,13.03297,3.59516236408018,13.28321,8
容量约束车辆路径问题,8代岛,3,31,8,8,有效结果,12.98539,3.947111472742063,13.28321,5
容量约束车辆路径问题,8代岛,3,32,8,8,有效结果,12.88684,4.6760855092832365,13.28321,7
容量约束车辆路径问题,8代岛,3,33,8,8,有效结果,12.86269,4.854722982469113,13.28321,3
容量约束车辆路径问题,8代岛,3,4,8,8,有效结果,12.85191,4.934462608181079,13.28321,4
容量约束车辆路径问题,8代岛,3,5,8,8,有效结果,12.7737,5.5129817294178585,12.92808,1
容量约束车辆路径问题,8代岛,3,6,8,8,有效结果,13.23646,2.08994748132259,13.61078,3
容量约束车辆路径问题,8代岛,3,7,8,8,有效结果,12.55263,7.148235816258595,13.28321,5
容量约束车辆路径问题,8代岛,3,8,8,8,有效结果,13.10264,3.079813595680161,13.56371,1
容量约束车辆路径问题,8代岛,3,9,8,8,有效结果,12.97764,4.004438198091582,13.05277,4
旅行商问题,8代岛,3,1,8,8,有效结果,6.34985,3.20350609756097,6.69586,3
旅行商问题,8代岛,3,10,8,8,有效结果,6.16765,5.980945121951213,8.07872,3
旅行商问题,8代岛,3,11,8,8,有效结果,6.21513,5.257164634146332,6.29682,8
旅行商问题,8代岛,3,12,8,8,有效结果,6.20066,5.477743902439018,6.23281,5
旅行商问题,8代岛,3,13,8,8,有效结果,6.25693,4.619969512195121,6.30341,3
旅行商问题,8代岛,3,14,8,8,有效结果,6.52269,0.568749999999996,6.57372,2
旅行商问题,8代岛,3,15,8,8,有效结果,6.34985,3.20350609756097,6.75537,5
旅行商问题,8代岛,3,16,8,8,有效结果,6.15446,6.182012195121941,8.80066,3
旅行商问题,8代岛,3,17,8,8,有效结果,6.22299,5.1373475609756,6.76899,6
旅行商问题,8代岛,3,18,8,8,有效结果,6.20286,5.444207317073161,6.58853,8
旅行商问题,8代岛,3,19,8,8,有效结果,6.36849,2.9193597560975486,6.46271,1
旅行商问题,8代岛,3,2,8,8,有效结果,6.1667,5.995426829268292,6.18902,4
旅行商问题,8代岛,3,20,8,8,有效结果,6.19744,5.526829268292673,6.59719,1
旅行商问题,8代岛,3,21,8,8,有效结果,6.10999,6.859908536585363,6.55141,2
旅行商问题,8代岛,3,22,8,8,有效结果,6.19714,5.531402439024383,6.62585,6
旅行商问题,8代岛,3,23,8,8,有效结果,6.34985,3.20350609756097,6.48459,3
旅行商问题,8代岛,3,24,8,8,有效结果,6.4896,1.0731707317073074,6.60788,3
旅行商问题,8代岛,3,25,8,8,有效结果,6.19483,5.566615853658536,6.45604,4
旅行商问题,8代岛,3,26,8,8,有效结果,6.19744,5.526829268292673,6.45243,2
旅行商问题,8代岛,3,27,8,8,有效结果,6.2115,5.312499999999994,6.36298,6
旅行商问题,8代岛,3,28,8,8,有效结果,6.11493,6.784603658536577,6.11493,0
旅行商问题,8代岛,3,29,8,8,有效结果,6.22804,5.06036585365853,6.344,4
旅行商问题,8代岛,3,3,8,8,有效结果,6.22262,5.142987804878042,6.34608,5
旅行商问题,8代岛,3,30,8,8,有效结果,6.21029,5.33094512195122,6.90061,8
旅行商问题,8代岛,3,31,8,8,有效结果,6.18902,5.6551829268292595,6.18902,0
旅行商问题,8代岛,3,32,8,8,有效结果,6.07672,7.367073170731704,7.45985,8
旅行商问题,8代岛,3,33,8,8,有效结果,6.34728,3.2426829268292687,7.04335,3
旅行商问题,8代岛,3,34,8,8,有效结果,6.13382,6.496646341463408,7.1035,6
旅行商问题,8代岛,3,35,8,8,有效结果,6.29737,4.0035060975609715,6.30341,7
旅行商问题,8代岛,3,4,8,8,有效结果,6.13382,6.496646341463408,6.52357,4
旅行商问题,8代岛,3,5,8,8,有效结果,6.15446,6.182012195121941,6.60788,6
旅行商问题,8代岛,3,6,8,8,有效结果,6.09359,7.109908536585363,6.09359,0
旅行商问题,8代岛,3,7,8,8,有效结果,6.13382,6.496646341463408,6.13382,0
旅行商问题,8代岛,3,8,8,8,有效结果,6.20621,5.39314024390244,6.60275,1
旅行商问题,8代岛,3,9,8,8,有效结果,6.20713,5.379115853658527,6.20713,0
在线装箱问题,8代岛,4,1,8,8,有效结果,0.017,57.286432160804026,0.03984,5
在线装箱问题,8代岛,4,10,8,8,有效结果,0.02606,34.52261306532663,0.03471,2
在线装箱问题,8代岛,4,11,8,8,有效结果,0.03894,2.1608040201005014,0.56535,3
在线装箱问题,8代岛,4,12,8,,未形成有效初始种群,,,,
在线装箱问题,8代岛,4,13,8,8,有效结果,0.03984,-0.10050251256280997,0.03984,0
在线装箱问题,8代岛,4,14,8,,未形成有效初始种群,,,,
在线装箱问题,8代岛,4,15,8,8,有效结果,0.0156,60.80402010050252,0.03843,5
在线装箱问题,8代岛,4,16,8,8,有效结果,0.03884,2.4120603015075437,0.03984,5
在线装箱问题,8代岛,4,17,8,8,有效结果,0.00714,82.06030150753769,0.00714,0
在线装箱问题,8代岛,4,18,8,8,有效结果,0.033,17.085427135678394,0.03984,5
在线装箱问题,8代岛,4,19,8,8,有效结果,0.03813,4.195979899497499,0.03984,4
在线装箱问题,8代岛,4,2,8,8,有效结果,0.03521,11.532663316582925,0.443,8
在线装箱问题,8代岛,4,20,8,8,有效结果,0.03723,6.457286432160811,0.03984,1
在线装箱问题,8代岛,4,21,8,8,有效结果,0.03964,0.4020100502512573,1.46685,8
在线装箱问题,8代岛,4,22,8,8,有效结果,0.02847,28.46733668341709,0.02847,0
在线装箱问题,8代岛,4,23,8,8,有效结果,0.01288,67.63819095477388,0.03984,6
在线装箱问题,8代岛,4,24,8,8,有效结果,0.02596,34.77386934673367,0.03984,8
在线装箱问题,8代岛,4,25,8,8,有效结果,0.02888,27.437185929648248,0.03984,5
在线装箱问题,8代岛,4,26,8,,未形成有效初始种群,,,,
在线装箱问题,8代岛,4,27,8,8,有效结果,0.02022,49.195979899497495,0.03984,4
在线装箱问题,8代岛,4,28,8,8,有效结果,0.03954,0.6532663316582997,0.03954,0
在线装箱问题,8代岛,4,29,8,,未形成有效初始种群,,,,
在线装箱问题,8代岛,4,3,8,8,有效结果,0.03602,9.497487437185926,0.03984,6
在线装箱问题,8代岛,4,30,8,8,有效结果,0.03954,0.6532663316582997,0.03984,4
在线装箱问题,8代岛,4,31,8,8,有效结果,0.01841,53.743718592964825,0.03059,5
在线装箱问题,8代岛,4,32,8,8,有效结果,0.03954,0.6532663316582997,0.03984,1
在线装箱问题,8代岛,4,33,8,8,有效结果,0.03451,13.29145728643217,0.03884,6
在线装箱问题,8代岛,4,34,8,8,有效结果,0.03843,3.4422110552763896,0.03984,8
在线装箱问题,8代岛,4,35,8,,未形成有效初始种群,,,,
在线装箱问题,8代岛,4,36,8,8,有效结果,0.03984,-0.10050251256280997,0.03984,0
在线装箱问题,8代岛,4,37,8,8,有效结果,0.03843,3.4422110552763896,0.03984,1
在线装箱问题,8代岛,4,38,8,8,有效结果,0.03864,2.9145728643216113,0.03984,8
在线装箱问题,8代岛,4,39,8,8,有效结果,0.01077,72.93969849246231,0.03984,1
在线装箱问题,8代岛,4,4,8,8,有效结果,0.02676,32.763819095477395,0.03984,4
在线装箱问题,8代岛,4,40,8,8,有效结果,0.03984,-0.10050251256280997,0.03984,0
在线装箱问题,8代岛,4,41,8,,未形成有效初始种群,,,,
在线装箱问题,8代岛,4,42,8,8,有效结果,0.02264,43.11557788944724,0.38706,7
在线装箱问题,8代岛,4,5,8,8,有效结果,0.03592,9.748743718592968,0.03984,6
在线装箱问题,8代岛,4,6,8,8,有效结果,0.02696,32.26130653266332,0.03713,6
在线装箱问题,8代岛,4,7,8,8,有效结果,0.03693,7.211055276381921,0.03984,6
在线装箱问题,8代岛,4,8,8,,未形成有效初始种群,,,,
在线装箱问题,8代岛,4,9,8,8,有效结果,0.03823,3.944723618090457,1.51444,6
容量约束车辆路径问题,8代岛,4,1,8,8,有效结果,12.92812,4.370737480582886,13.28321,1
容量约束车辆路径问题,8代岛,4,10,8,8,有效结果,12.87844,4.738220282565283,13.28321,2
容量约束车辆路径问题,8代岛,4,11,8,8,有效结果,13.16702,2.6035949404541703,13.61078,7
容量约束车辆路径问题,8代岛,4,12,8,8,有效结果,13.16767,2.598786892521642,13.61078,8
容量约束车辆路径问题,8代岛,4,13,8,8,有效结果,12.95157,4.1972779051705,12.95157,0
容量约束车辆路径问题,8代岛,4,14,8,8,有效结果,12.85319,4.924994452252389,12.86269,1
容量约束车辆路径问题,8代岛,4,15,8,8,有效结果,12.87913,4.733116354759969,13.03297,4
容量约束车辆路径问题,8代岛,4,16,8,8,有效结果,12.64832,6.440417190620609,13.11383,7
容量约束车辆路径问题,8代岛,4,17,8,8,有效结果,12.92954,4.360233745099495,13.03297,3
容量约束车辆路径问题,8代岛,4,18,8,8,有效结果,12.82158,5.15881352171018,12.86269,6
容量约束车辆路径问题,8代岛,4,19,8,8,有效结果,12.83074,5.091057030845474,13.28321,3
容量约束车辆路径问题,8代岛,4,2,8,8,有效结果,13.23646,2.08994748132259,13.61078,4
容量约束车辆路径问题,8代岛,4,20,8,8,有效结果,12.61951,6.653524668984393,13.28321,8
容量约束车辆路径问题,8代岛,4,21,8,8,有效结果,13.03297,3.59516236408018,13.28321,6
容量约束车辆路径问题,8代岛,4,22,8,8,有效结果,12.86269,4.854722982469113,12.86269,0
容量约束车辆路径问题,8代岛,4,23,8,8,有效结果,12.6036,6.771210888379318,12.86269,6
容量约束车辆路径问题,8代岛,4,24,8,8,有效结果,12.9105,4.501072564538792,13.28321,7
容量约束车辆路径问题,8代岛,4,25,8,8,有效结果,12.8625,4.856128411864779,13.11356,3
容量约束车辆路径问题,8代岛,4,26,8,8,有效结果,12.82329,5.146164657149197,12.86269,2
容量约束车辆路径问题,8代岛,4,27,8,8,有效结果,12.96176,4.121902507581923,13.28321,2
容量约束车辆路径问题,8代岛,4,28,8,8,有效结果,12.87913,4.733116354759969,12.87913,0
容量约束车辆路径问题,8代岛,4,29,8,8,有效结果,12.63155,6.56446482728012,13.28321,6
容量约束车辆路径问题,8代岛,4,3,8,8,有效结果,12.5793,6.9509579110881,12.86269,7
容量约束车辆路径问题,8代岛,4,30,8,8,有效结果,12.83238,5.078925956061835,13.27188,6
容量约束车辆路径问题,8代岛,4,31,8,8,有效结果,13.03297,3.59516236408018,13.20179,5
容量约束车辆路径问题,8代岛,4,32,8,8,有效结果,12.60226,6.781122864117174,13.61078,4
容量约束车辆路径问题,8代岛,4,33,8,8,有效结果,12.70519,6.019749981507509,13.1533,1
容量约束车辆路径问题,8代岛,4,34,8,8,有效结果,12.70026,6.056217175826614,13.24429,6
容量约束车辆路径问题,8代岛,4,35,8,8,有效结果,12.81825,5.183445521118421,13.15628,7
容量约束车辆路径问题,8代岛,4,36,8,8,有效结果,12.90604,4.534063170352831,13.28321,2
容量约束车辆路径问题,8代岛,4,4,8,8,有效结果,12.55053,7.163769509579111,12.86269,8
容量约束车辆路径问题,8代岛,4,5,8,8,有效结果,13.28515,1.7297877061912887,13.56397,6
容量约束车辆路径问题,8代岛,4,6,8,8,有效结果,13.23646,2.08994748132259,13.56397,7
容量约束车辆路径问题,8代岛,4,7,8,8,有效结果,13.23646,2.08994748132259,13.56371,2
容量约束车辆路径问题,8代岛,4,8,8,8,有效结果,13.03297,3.59516236408018,13.28321,8
容量约束车辆路径问题,8代岛,4,9,8,8,有效结果,12.85647,4.900732302685112,13.28321,8
旅行商问题,8代岛,4,1,8,8,有效结果,6.22059,5.173932926829269,6.60788,3
旅行商问题,8代岛,4,10,8,8,有效结果,6.20248,5.449999999999988,7.04335,5
旅行商问题,8代岛,4,11,8,8,有效结果,6.44821,1.704115853658524,6.77804,4
旅行商问题,8代岛,4,12,8,8,有效结果,6.20007,5.4867378048780395,6.20007,0
旅行商问题,8代岛,4,13,8,8,有效结果,6.31199,3.780640243902437,6.39414,6
旅行商问题,8代岛,4,14,8,8,有效结果,6.07672,7.367073170731704,6.07672,0
旅行商问题,8代岛,4,15,8,8,有效结果,6.31138,3.7899390243902418,6.49489,3
旅行商问题,8代岛,4,16,8,8,有效结果,6.07672,7.367073170731704,6.79914,7
旅行商问题,8代岛,4,17,8,8,有效结果,6.54524,0.22499999999999826,6.60785,2
旅行商问题,8代岛,4,18,8,8,有效结果,6.30419,3.8995426829268207,6.59446,2
旅行商问题,8代岛,4,19,8,8,有效结果,6.31564,3.724999999999992,6.60788,8
旅行商问题,8代岛,4,2,8,8,有效结果,6.20115,5.470274390243895,6.33862,1
旅行商问题,8代岛,4,20,8,8,有效结果,6.30341,3.9114329268292565,6.53081,8
旅行商问题,8代岛,4,21,8,8,有效结果,6.52667,0.508079268292674,6.60788,2
旅行商问题,8代岛,4,22,8,8,有效结果,6.2864,4.170731707317061,6.61622,4
旅行商问题,8代岛,4,23,8,8,有效结果,6.34985,3.20350609756097,6.35515,1
旅行商问题,8代岛,4,24,8,8,有效结果,6.08875,7.183689024390237,6.30442,2
旅行商问题,8代岛,4,25,8,8,有效结果,6.29373,4.058993902439018,6.72373,4
旅行商问题,8代岛,4,26,8,8,有效结果,6.1429,6.358231707317067,6.1429,0
旅行商问题,8代岛,4,27,8,8,有效结果,6.32839,3.5306402439024374,6.45147,7
旅行商问题,8代岛,4,28,8,8,有效结果,6.37772,2.7786585365853593,6.37772,0
旅行商问题,8代岛,4,29,8,8,有效结果,6.07672,7.367073170731704,6.35051,8
旅行商问题,8代岛,4,3,8,8,有效结果,6.15449,6.181554878048774,6.41209,7
旅行商问题,8代岛,4,30,8,8,有效结果,6.22252,5.1445121951219415,6.80775,7
旅行商问题,8代岛,4,31,8,8,有效结果,6.55503,0.07576219512193984,7.18801,5
旅行商问题,8代岛,4,32,8,8,有效结果,6.30341,3.9114329268292565,6.31369,3
旅行商问题,8代岛,4,33,8,8,有效结果,6.20412,5.425,8.21709,5
旅行商问题,8代岛,4,34,8,8,有效结果,6.29488,4.04146341463414,6.61993,1
旅行商问题,8代岛,4,35,8,8,有效结果,6.21821,5.210213414634141,6.32352,6
旅行商问题,8代岛,4,36,8,8,有效结果,6.07672,7.367073170731704,6.59555,3
旅行商问题,8代岛,4,37,8,8,有效结果,6.23281,4.987652439024388,6.23281,0
旅行商问题,8代岛,4,38,8,8,有效结果,6.18003,5.792225609756087,6.95167,5
旅行商问题,8代岛,4,39,8,8,有效结果,6.19449,5.571798780487799,6.70517,3
旅行商问题,8代岛,4,4,8,8,有效结果,6.17634,5.848475609756096,6.17634,0
旅行商问题,8代岛,4,40,8,8,有效结果,6.15684,6.145731707317069,6.29567,6
旅行商问题,8代岛,4,5,8,8,有效结果,6.14821,6.277286585365852,6.30887,2
旅行商问题,8代岛,4,6,8,8,有效结果,6.19714,5.531402439024383,6.99308,3
旅行商问题,8代岛,4,7,8,8,有效结果,6.13382,6.496646341463408,6.20115,8
旅行商问题,8代岛,4,8,8,8,有效结果,6.14944,6.258536585365845,6.16069,7
旅行商问题,8代岛,4,9,8,8,有效结果,6.31369,3.754725609756088,7.8345,3
在线装箱问题,8代岛,5,1,8,8,有效结果,0.02696,32.26130653266332,0.03984,5
在线装箱问题,8代岛,5,10,8,,未形成有效初始种群,,,,
在线装箱问题,8代岛,5,11,8,8,有效结果,0.03874,2.6633165829145864,0.03984,2
在线装箱问题,8代岛,5,12,8,8,有效结果,0.03904,1.9095477386934767,0.03984,5
在线装箱问题,8代岛,5,13,8,8,有效结果,0.03884,2.4120603015075437,0.03984,3
在线装箱问题,8代岛,5,14,8,,未形成有效初始种群,,,,
在线装箱问题,8代岛,5,15,8,8,有效结果,0.01741,56.25628140703518,0.03964,6
在线装箱问题,8代岛,5,16,8,8,有效结果,0.03823,3.944723618090457,0.03984,5
在线装箱问题,8代岛,5,17,8,8,有效结果,0.02314,41.85929648241206,0.04538,6
在线装箱问题,8代岛,5,18,8,8,有效结果,0.03954,0.6532663316582997,1.51534,7
在线装箱问题,8代岛,5,19,8,8,有效结果,0.03984,-0.10050251256280997,0.05071,1
在线装箱问题,8代岛,5,2,8,8,有效结果,0.03984,-0.10050251256280997,0.04417,4
在线装箱问题,8代岛,5,20,8,8,有效结果,0.03089,22.386934673366834,0.03984,7
在线装箱问题,8代岛,5,21,8,8,有效结果,0.03823,3.944723618090457,0.03984,7
在线装箱问题,8代岛,5,22,8,8,有效结果,0.00775,80.52763819095478,0.01157,8
在线装箱问题,8代岛,5,23,8,8,有效结果,0.03833,3.6934673366834145,0.03984,7
在线装箱问题,8代岛,5,24,8,,未形成有效初始种群,,,,
在线装箱问题,8代岛,5,25,8,8,有效结果,0.03823,3.944723618090457,0.03984,5
在线装箱问题,8代岛,5,26,8,8,有效结果,0.02495,37.31155778894473,0.03984,6
在线装箱问题,8代岛,5,27,8,8,有效结果,0.03421,14.045226130653278,0.04336,4
在线装箱问题,8代岛,5,28,8,8,有效结果,0.0336,15.577889447236192,0.03984,6
在线装箱问题,8代岛,5,29,8,8,有效结果,0.03884,2.4120603015075437,0.03984,4
在线装箱问题,8代岛,5,3,8,8,有效结果,0.01177,70.42713567839196,0.03984,4
在线装箱问题,8代岛,5,30,8,8,有效结果,0.03984,-0.10050251256280997,0.03984,0
在线装箱问题,8代岛,5,31,8,8,有效结果,0.03823,3.944723618090457,0.03984,3
在线装箱问题,8代岛,5,32,8,8,有效结果,0.03642,8.49246231155779,1.51534,8
在线装箱问题,8代岛,5,33,8,,未形成有效初始种群,,,,
在线装箱问题,8代岛,5,34,8,8,有效结果,0.03803,4.447236180904524,0.03984,3
在线装箱问题,8代岛,5,35,8,,未形成有效初始种群,,,,
在线装箱问题,8代岛,5,36,8,8,有效结果,0.03864,2.9145728643216113,0.03984,7
在线装箱问题,8代岛,5,37,8,8,有效结果,0.0321,19.346733668341724,1.51534,2
在线装箱问题,8代岛,5,38,8,8,有效结果,0.02878,27.688442211055282,0.03984,8
在线装箱问题,8代岛,5,39,8,8,有效结果,0.03984,-0.10050251256280997,0.19871,1
在线装箱问题,8代岛,5,4,8,8,有效结果,0.03501,12.035175879396991,0.03884,8
在线装箱问题,8代岛,5,40,8,8,有效结果,0.03854,3.1658291457286536,0.03984,3
在线装箱问题,8代岛,5,41,8,,未形成有效初始种群,,,,
在线装箱问题,8代岛,5,42,8,8,有效结果,0.03783,4.949748743718591,0.03984,7
在线装箱问题,8代岛,5,5,8,8,有效结果,0.01741,56.25628140703518,0.03984,5
在线装箱问题,8代岛,5,6,8,8,有效结果,0.01821,54.2462311557789,0.02787,8
在线装箱问题,8代岛,5,7,8,8,有效结果,0.03411,14.296482412060302,0.03984,5
在线装箱问题,8代岛,5,8,8,8,有效结果,0.03984,-0.10050251256280997,0.03984,0
在线装箱问题,8代岛,5,9,8,8,有效结果,0.03894,2.1608040201005014,0.03984,4
容量约束车辆路径问题,8代岛,5,1,8,8,有效结果,12.96715,4.082032694725941,13.28321,1
容量约束车辆路径问题,8代岛,5,10,8,8,有效结果,12.42319,8.105703084547676,12.86269,7
容量约束车辆路径问题,8代岛,5,11,8,8,有效结果,12.55164,7.155558843109692,12.98018,6
容量约束车辆路径问题,8代岛,5,12,8,8,有效结果,12.86269,4.854722982469113,12.86269,0
容量约束车辆路径问题,8代岛,5,13,8,8,有效结果,12.43578,8.0125748945928,12.86269,8
容量约束车辆路径问题,8代岛,5,14,8,8,有效结果,12.53764,7.259116798579781,12.80022,3
容量约束车辆路径问题,8代岛,5,15,8,8,有效结果,12.73653,5.787928101190916,12.74111,4
容量约束车辆路径问题,8代岛,5,16,8,8,有效结果,13.18345,2.482062282713215,13.61078,7
容量约束车辆路径问题,8代岛,5,17,8,8,有效结果,13.03297,3.59516236408018,13.28321,5
容量约束车辆路径问题,8代岛,5,18,8,8,有效结果,12.70257,6.039130113174054,12.95274,6
容量约束车辆路径问题,8代岛,5,19,8,8,有效结果,12.86269,4.854722982469113,12.86269,0
容量约束车辆路径问题,8代岛,5,2,8,8,有效结果,12.98336,3.962127376285234,13.28321,8
容量约束车辆路径问题,8代岛,5,20,8,8,有效结果,13.06904,3.3283526888083497,13.25126,1
容量约束车辆路径问题,8代岛,5,21,8,8,有效结果,12.93579,4.314002514978914,13.28321,6
容量约束车辆路径问题,8代岛,5,22,8,8,有效结果,12.63008,6.575338412604486,12.86269,1
容量约束车辆路径问题,8代岛,5,23,8,8,有效结果,12.60128,6.788371921000081,13.02838,6
容量约束车辆路径问题,8代岛,5,24,8,8,有效结果,13.02723,3.637621125822921,13.03297,5
容量约束车辆路径问题,8代岛,5,25,8,8,有效结果,12.86065,4.8698128559804745,13.01279,7
容量约束车辆路径问题,8代岛,5,26,8,8,有效结果,13.23646,2.08994748132259,13.61078,7
容量约束车辆路径问题,8代岛,5,27,8,8,有效结果,12.86549,4.834011391375107,13.28321,6
容量约束车辆路径问题,8代岛,5,28,8,8,有效结果,12.52487,7.353576447962128,12.8625,2
容量约束车辆路径问题,8代岛,5,29,8,8,有效结果,12.74233,5.745025519639022,13.2179,5
容量约束车辆路径问题,8代岛,5,3,8,8,有效结果,12.68995,6.132480213033513,12.97506,5
容量约束车辆路径问题,8代岛,5,30,8,8,有效结果,13.0314,3.606775649086474,13.28314,4
容量约束车辆路径问题,8代岛,5,31,8,8,有效结果,13.36872,1.1116206820031098,13.56371,8
容量约束车辆路径问题,8代岛,5,32,8,8,有效结果,13.04217,3.5271099933427004,13.28321,6
容量约束车辆路径问题,8代岛,5,33,8,8,有效结果,12.91951,4.434425623196978,13.61078,4
容量约束车辆路径问题,8代岛,5,34,8,8,有效结果,13.14576,2.760855092832317,13.23646,7
容量约束车辆路径问题,8代岛,5,35,8,8,有效结果,12.87795,4.741844811006731,13.28321,4
容量约束车辆路径问题,8代岛,5,36,8,8,有效结果,12.90758,4.522671795251133,13.28321,8
容量约束车辆路径问题,8代岛,5,4,8,8,有效结果,13.56397,-0.33264294696352753,13.61078,7
容量约束车辆路径问题,8代岛,5,5,8,8,有效结果,12.85319,4.924994452252389,13.28321,8
容量约束车辆路径问题,8代岛,5,6,8,8,有效结果,12.61825,6.662844884976702,13.14674,4
容量约束车辆路径问题,8代岛,5,7,8,8,有效结果,13.03297,3.59516236408018,13.28321,5
容量约束车辆路径问题,8代岛,5,8,8,8,有效结果,12.54996,7.167985797766105,12.93607,8
容量约束车辆路径问题,8代岛,5,9,8,8,有效结果,12.71318,5.960647976921375,13.28321,7
旅行商问题,8代岛,5,1,8,8,有效结果,6.07672,7.367073170731704,6.87527,3
旅行商问题,8代岛,5,10,8,8,有效结果,6.45209,1.6449695121951144,6.63409,1
旅行商问题,8代岛,5,11,8,8,有效结果,6.34985,3.20350609756097,7.56873,3
旅行商问题,8代岛,5,12,8,8,有效结果,6.07672,7.367073170731704,6.13382,3
旅行商问题,8代岛,5,13,8,8,有效结果,6.18615,5.698932926829269,6.98012,5
旅行商问题,8代岛,5,14,8,8,有效结果,6.07672,7.367073170731704,6.30341,2
旅行商问题,8代岛,5,15,8,8,有效结果,6.12393,6.647408536585366,6.42519,8
旅行商问题,8代岛,5,16,8,8,有效结果,6.19754,5.5253048780487735,6.21632,1
旅行商问题,8代岛,5,17,8,8,有效结果,6.07352,7.415853658536577,6.34533,5
旅行商问题,8代岛,5,18,8,8,有效结果,6.28153,4.244969512195115,6.60788,8
旅行商问题,8代岛,5,19,8,8,有效结果,6.34985,3.20350609756097,6.57878,2
旅行商问题,8代岛,5,2,8,8,有效结果,6.31369,3.754725609756088,6.31369,0
旅行商问题,8代岛,5,20,8,8,有效结果,6.30205,3.93216463414633,6.38098,7
旅行商问题,8代岛,5,21,8,8,有效结果,6.41266,2.2460365853658506,6.58844,7
旅行商问题,8代岛,5,22,8,8,有效结果,6.26588,4.483536585365846,7.19415,5
旅行商问题,8代岛,5,23,8,8,有效结果,6.34985,3.20350609756097,6.49211,6
旅行商问题,8代岛,5,24,8,8,有效结果,6.19765,5.523628048780477,6.41139,8
旅行商问题,8代岛,5,25,8,8,有效结果,6.45474,1.6045731707316992,6.55007,2
旅行商问题,8代岛,5,26,8,8,有效结果,6.54709,0.19679878048780117,6.54709,0
旅行商问题,8代岛,5,27,8,8,有效结果,6.00393,8.47667682926828,6.98316,8
旅行商问题,8代岛,5,28,8,8,有效结果,6.07672,7.367073170731704,6.07672,0
旅行商问题,8代岛,5,29,8,8,有效结果,6.07672,7.367073170731704,6.44821,2
旅行商问题,8代岛,5,3,8,8,有效结果,6.34985,3.20350609756097,6.98158,7
旅行商问题,8代岛,5,30,8,8,有效结果,6.16069,6.087042682926827,6.16069,0
旅行商问题,8代岛,5,31,8,8,有效结果,6.30341,3.9114329268292565,6.62601,4
旅行商问题,8代岛,5,32,8,8,有效结果,6.14012,6.400609756097562,6.44071,4
旅行商问题,8代岛,5,33,8,8,有效结果,6.28856,4.137804878048769,8.08204,3
旅行商问题,8代岛,5,34,8,8,有效结果,6.34985,3.20350609756097,6.65474,3
旅行商问题,8代岛,5,35,8,8,有效结果,6.22432,5.117073170731707,6.22432,0
旅行商问题,8代岛,5,36,8,8,有效结果,6.22292,5.138414634146333,6.57025,4
旅行商问题,8代岛,5,4,8,8,有效结果,6.07672,7.367073170731704,6.07672,0
旅行商问题,8代岛,5,5,8,8,有效结果,6.20872,5.354878048780488,6.49027,1
旅行商问题,8代岛,5,6,8,8,有效结果,6.34985,3.20350609756097,6.73489,1
旅行商问题,8代岛,5,7,8,8,有效结果,6.20115,5.470274390243895,7.5692,6
旅行商问题,8代岛,5,8,8,8,有效结果,6.08926,7.175914634146331,7.72777,1
旅行商问题,8代岛,5,9,8,8,有效结果,6.20713,5.379115853658527,6.26754,8
